제목,내용,카테고리,접수일시,processed_content
기초연금 수급 자격 기준이 너무 엄격합니다,기초연금 수급 자격 기준이 너무 엄격합니다. 서류 준비 과정이 너무 복잡합니다.,복지,2024-09-28,기초연금 수급 자격 기준이 너무 서류 준비 과정이 너무
출퇴근 시간 세종시 버스 배차 간격이 너무 깁니다,출퇴근 시간 세종시 버스 배차 간격이 너무 깁니다. 사고 위험이 높아지고 있습니다.,교통,2024-09-28,출퇴근 시간 세종시 버스 배차 간격이 너무 사고 위험이 높아지고
기초연금 수급 자격 기준이 너무 엄격합니다,기초연금 수급 자격 기준이 너무 엄격합니다. 담당 공무원의 안내가 부족합니다.,복지,2024-09-30,기초연금 수급 자격 기준이 너무 담당 공무원의 안내가
공공시설 안전 점검을 철저히 해주세요,공공시설 안전 점검을 철저히 해주세요. 정기적인 점검이 필요합니다.,안전,2024-10-01,공공시설 안전 점검을 철저히 정기적인 점검이
출퇴근 시간 전북 전주시 버스 배차 간격이 너무 깁니다,출퇴근 시간 전북 전주시 버스 배차 간격이 너무 깁니다. 경제적 손실이 발생하고 있습니다.,교통,2024-10-01,출퇴근 시간 전북 전주시 버스 배차 간격이 너무 경제적 손실이 발생하고
의료비 지원 대상자 선정 기준을 완화해 주세요,의료비 지원 대상자 선정 기준을 완화해 주세요. 서류 준비 과정이 너무 복잡합니다.,복지,2024-10-01,의료비 지원 대상자 선정 기준을 완화해 서류 준비 과정이 너무
재난 대응 시스템 개선이 필요합니다,재난 대응 시스템 개선이 필요합니다. 사고 예방이 시급합니다.,안전,2024-10-01,재난 대응 시스템 개선이 사고 예방이
민원 처리 속도가 너무 느립니다,민원 처리 속도가 너무 느립니다. 업무 효율성을 높여야 합니다.,행정,2024-10-01,민원 처리 속도가 너무 업무 효율성을 높여야
복지 지원금 신청 절차가 복잡하여 어려움을 겪고 있습니다,복지 지원금 신청 절차가 복잡하여 어려움을 겪고 있습니다. 서류 준비 과정이 너무 복잡합니다.,복지,2024-10-02,복지 지원금 신청 절차가 복잡하여 어려움을 겪고 서류 준비 과정이 너무
주차 공간 부족 문제를 해결해 주세요,주차 공간 부족 문제를 해결해 주세요. 사고 위험이 높아지고 있습니다.,교통,2024-10-02,주차 공간 부족 문제를 해결해 사고 위험이 높아지고
출퇴근 시간 서울 강북구 버스 배차 간격이 너무 깁니다,출퇴근 시간 서울 강북구 버스 배차 간격이 너무 깁니다. 사고 위험이 높아지고 있습니다.,교통,2024-10-02,출퇴근 시간 서울 강북구 버스 배차 간격이 너무 사고 위험이 높아지고
울산 남구 지역 미세먼지 대책을 강화해 주세요,울산 남구 지역 미세먼지 대책을 강화해 주세요. 주민 건강이 위협받고 있습니다.,환경,2024-10-04,울산 남구 지역 미세먼지 대책을 강화해 주민 건강이 위협받고
노인 복지 서비스 확대가 필요합니다,노인 복지 서비스 확대가 필요합니다. 서류 준비 과정이 너무 복잡합니다.,복지,2024-10-05,노인 복지 서비스 확대가 서류 준비 과정이 너무
충북 청주시 지역에 CCTV 설치를 요청합니다,충북 청주시 지역에 CCTV 설치를 요청합니다. 정기적인 점검이 필요합니다.,안전,2024-10-06,충북 청주시 지역에 설치를 정기적인 점검이
대중교통 환승 시스템 개선이 필요합니다,대중교통 환승 시스템 개선이 필요합니다. 사고 위험이 높아지고 있습니다.,교통,2024-10-06,대중교통 환승 시스템 개선이 사고 위험이 높아지고
경기 용인시 도로 포장 상태가 매우 불량합니다,경기 용인시 도로 포장 상태가 매우 불량합니다. 긴급한 대책 마련이 필요합니다.,교통,2024-10-06,경기 용인시 도로 포장 상태가 매우 긴급한 대책 마련이
서류 발급 절차를 간소화해 주세요,서류 발급 절차를 간소화해 주세요. 업무 효율성을 높여야 합니다.,행정,2024-10-07,서류 발급 절차를 간소화해 업무 효율성을 높여야
서울 강북구 지역에 CCTV 설치를 요청합니다,서울 강북구 지역에 CCTV 설치를 요청합니다. 예방 대책을 마련해 주세요.,안전,2024-10-08,서울 강북구 지역에 설치를 예방 대책을 마련해
대전 유성구 지역에 CCTV 설치를 요청합니다,대전 유성구 지역에 CCTV 설치를 요청합니다. 정기적인 점검이 필요합니다.,안전,2024-10-08,대전 유성구 지역에 설치를 정기적인 점검이
재활용 분리수거 시스템 개선이 필요합니다,재활용 분리수거 시스템 개선이 필요합니다. 체계적인 관리가 필요합니다.,환경,2024-10-09,재활용 분리수거 시스템 개선이 체계적인 관리가
민원 처리 속도가 너무 느립니다,민원 처리 속도가 너무 느립니다. 시민 중심 서비스가 필요합니다.,행정,2024-10-09,민원 처리 속도가 너무 시민 중심 서비스가
도시 녹지 공간을 확대해 주세요,도시 녹지 공간을 확대해 주세요. 시민 참여 방안을 마련해 주세요.,환경,2024-10-09,도시 녹지 공간을 확대해 시민 참여 방안을 마련해
충북 청주시 도로 포장 상태가 매우 불량합니다,충북 청주시 도로 포장 상태가 매우 불량합니다. 장기적인 계획 수립을 요청합니다.,교통,2024-10-09,충북 청주시 도로 포장 상태가 매우 장기적인 계획 수립을
공공시설 안전 점검을 철저히 해주세요,공공시설 안전 점검을 철저히 해주세요. 신속한 조치를 요청합니다.,안전,2024-10-10,공공시설 안전 점검을 철저히 신속한 조치를
행정 정보 공개를 확대해 주세요,행정 정보 공개를 확대해 주세요. 시민 중심 서비스가 필요합니다.,행정,2024-10-10,행정 정보 공개를 확대해 시민 중심 서비스가
보육료 지원이 실제 필요한 가정에 제대로 전달되지 않습니다,보육료 지원이 실제 필요한 가정에 제대로 전달되지 않습니다. 지역별 격차가 심각합니다.,복지,2024-10-10,보육료 지원이 실제 필요한 가정에 제대로 전달되지 지역별 격차가
공공시설 안전 점검을 철저히 해주세요,공공시설 안전 점검을 철저히 해주세요. 주민 불안감이 증가하고 있습니다.,안전,2024-10-10,공공시설 안전 점검을 철저히 주민 불안감이 증가하고
재활용 분리수거 시스템 개선이 필요합니다,재활용 분리수거 시스템 개선이 필요합니다. 주민 건강이 위협받고 있습니다.,환경,2024-10-11,재활용 분리수거 시스템 개선이 주민 건강이 위협받고
재활용 분리수거 시스템 개선이 필요합니다,재활용 분리수거 시스템 개선이 필요합니다. 체계적인 관리가 필요합니다.,환경,2024-10-12,재활용 분리수거 시스템 개선이 체계적인 관리가
온라인 행정 시스템이 불편합니다,온라인 행정 시스템이 불편합니다. 접근성을 개선해 주세요.,행정,2024-10-12,온라인 행정 시스템이 접근성을 개선해
대전 유성구 지역에 CCTV 설치를 요청합니다,대전 유성구 지역에 CCTV 설치를 요청합니다. 주민 불안감이 증가하고 있습니다.,안전,2024-10-12,대전 유성구 지역에 설치를 주민 불안감이 증가하고
부산 해운대구 지역 신호등 체계 개선이 필요합니다,부산 해운대구 지역 신호등 체계 개선이 필요합니다. 사고 위험이 높아지고 있습니다.,교통,2024-10-13,부산 해운대구 지역 신호등 체계 개선이 사고 위험이 높아지고
재활용 분리수거 시스템 개선이 필요합니다,재활용 분리수거 시스템 개선이 필요합니다. 예산 확대가 시급합니다.,환경,2024-10-13,재활용 분리수거 시스템 개선이 예산 확대가
주차 공간 부족 문제를 해결해 주세요,주차 공간 부족 문제를 해결해 주세요. 경제적 손실이 발생하고 있습니다.,교통,2024-10-13,주차 공간 부족 문제를 해결해 경제적 손실이 발생하고
대전 유성구 지역 미세먼지 대책을 강화해 주세요,대전 유성구 지역 미세먼지 대책을 강화해 주세요. 시민 참여 방안을 마련해 주세요.,환경,2024-10-13,대전 유성구 지역 미세먼지 대책을 강화해 시민 참여 방안을 마련해
세종시 지역 신호등 체계 개선이 필요합니다,세종시 지역 신호등 체계 개선이 필요합니다. 사고 위험이 높아지고 있습니다.,교통,2024-10-13,세종시 지역 신호등 체계 개선이 사고 위험이 높아지고
도시 녹지 공간을 확대해 주세요,도시 녹지 공간을 확대해 주세요. 예산 확대가 시급합니다.,환경,2024-10-14,도시 녹지 공간을 확대해 예산 확대가
공공시설 안전 점검을 철저히 해주세요,공공시설 안전 점검을 철저히 해주세요. 예방 대책을 마련해 주세요.,안전,2024-10-15,공공시설 안전 점검을 철저히 예방 대책을 마련해
보육료 지원이 실제 필요한 가정에 제대로 전달되지 않습니다,보육료 지원이 실제 필요한 가정에 제대로 전달되지 않습니다. 온라인 신청 시스템 개선이 시급합니다.,복지,2024-10-15,보육료 지원이 실제 필요한 가정에 제대로 전달되지 온라인 신청 시스템 개선이
재활용 분리수거 시스템 개선이 필요합니다,재활용 분리수거 시스템 개선이 필요합니다. 시민 참여 방안을 마련해 주세요.,환경,2024-10-15,재활용 분리수거 시스템 개선이 시민 참여 방안을 마련해
주차 공간 부족 문제를 해결해 주세요,주차 공간 부족 문제를 해결해 주세요. 시민들의 불편이 가중되고 있습니다.,교통,2024-10-16,주차 공간 부족 문제를 해결해 시민들의 불편이 가중되고
도시 녹지 공간을 확대해 주세요,도시 녹지 공간을 확대해 주세요. 생활 환경이 악화되고 있습니다.,환경,2024-10-16,도시 녹지 공간을 확대해 생활 환경이 악화되고
기초연금 수급 자격 기준이 너무 엄격합니다,기초연금 수급 자격 기준이 너무 엄격합니다. 서류 준비 과정이 너무 복잡합니다.,복지,2024-10-16,기초연금 수급 자격 기준이 너무 서류 준비 과정이 너무
민원 처리 속도가 너무 느립니다,민원 처리 속도가 너무 느립니다. 접근성을 개선해 주세요.,행정,2024-10-16,민원 처리 속도가 너무 접근성을 개선해
경기 성남시 지역 신호등 체계 개선이 필요합니다,경기 성남시 지역 신호등 체계 개선이 필요합니다. 사고 위험이 높아지고 있습니다.,교통,2024-10-16,경기 성남시 지역 신호등 체계 개선이 사고 위험이 높아지고
주차 공간 부족 문제를 해결해 주세요,주차 공간 부족 문제를 해결해 주세요. 사고 위험이 높아지고 있습니다.,교통,2024-10-17,주차 공간 부족 문제를 해결해 사고 위험이 높아지고
공무원 응대 서비스 개선이 필요합니다,공무원 응대 서비스 개선이 필요합니다. 투명성을 강화해야 합니다.,행정,2024-10-18,공무원 응대 서비스 개선이 투명성을 강화해야
보육료 지원이 실제 필요한 가정에 제대로 전달되지 않습니다,보육료 지원이 실제 필요한 가정에 제대로 전달되지 않습니다. 소득 기준을 현실화해야 합니다.,복지,2024-10-19,보육료 지원이 실제 필요한 가정에 제대로 전달되지 소득 기준을 현실화해야
재활용 분리수거 시스템 개선이 필요합니다,재활용 분리수거 시스템 개선이 필요합니다. 생활 환경이 악화되고 있습니다.,환경,2024-10-19,재활용 분리수거 시스템 개선이 생활 환경이 악화되고
대중교통 환승 시스템 개선이 필요합니다,대중교통 환승 시스템 개선이 필요합니다. 시민들의 불편이 가중되고 있습니다.,교통,2024-10-20,대중교통 환승 시스템 개선이 시민들의 불편이 가중되고
대중교통 환승 시스템 개선이 필요합니다,대중교통 환승 시스템 개선이 필요합니다. 긴급한 대책 마련이 필요합니다.,교통,2024-10-20,대중교통 환승 시스템 개선이 긴급한 대책 마련이
어린이 보호구역 안전시설을 강화해 주세요,어린이 보호구역 안전시설을 강화해 주세요. 정기적인 점검이 필요합니다.,안전,2024-10-22,어린이 보호구역 안전시설을 강화해 정기적인 점검이
도시 녹지 공간을 확대해 주세요,도시 녹지 공간을 확대해 주세요. 시민 참여 방안을 마련해 주세요.,환경,2024-10-23,도시 녹지 공간을 확대해 시민 참여 방안을 마련해
출퇴근 시간 경기 용인시 버스 배차 간격이 너무 깁니다,출퇴근 시간 경기 용인시 버스 배차 간격이 너무 깁니다. 장기적인 계획 수립을 요청합니다.,교통,2024-10-23,출퇴근 시간 경기 용인시 버스 배차 간격이 너무 장기적인 계획 수립을
공공시설 안전 점검을 철저히 해주세요,공공시설 안전 점검을 철저히 해주세요. 정기적인 점검이 필요합니다.,안전,2024-10-23,공공시설 안전 점검을 철저히 정기적인 점검이
공공시설 안전 점검을 철저히 해주세요,공공시설 안전 점검을 철저히 해주세요. 신속한 조치를 요청합니다.,안전,2024-10-24,공공시설 안전 점검을 철저히 신속한 조치를
보육료 지원이 실제 필요한 가정에 제대로 전달되지 않습니다,보육료 지원이 실제 필요한 가정에 제대로 전달되지 않습니다. 담당 공무원의 안내가 부족합니다.,복지,2024-10-25,보육료 지원이 실제 필요한 가정에 제대로 전달되지 담당 공무원의 안내가
전남 여수시 지역에 CCTV 설치를 요청합니다,전남 여수시 지역에 CCTV 설치를 요청합니다. 정기적인 점검이 필요합니다.,안전,2024-10-25,전남 여수시 지역에 설치를 정기적인 점검이
세종시 지역 신호등 체계 개선이 필요합니다,세종시 지역 신호등 체계 개선이 필요합니다. 장기적인 계획 수립을 요청합니다.,교통,2024-10-25,세종시 지역 신호등 체계 개선이 장기적인 계획 수립을
의료비 지원 대상자 선정 기준을 완화해 주세요,의료비 지원 대상자 선정 기준을 완화해 주세요. 소득 기준을 현실화해야 합니다.,복지,2024-10-26,의료비 지원 대상자 선정 기준을 완화해 소득 기준을 현실화해야
보육료 지원이 실제 필요한 가정에 제대로 전달되지 않습니다,보육료 지원이 실제 필요한 가정에 제대로 전달되지 않습니다. 지역별 격차가 심각합니다.,복지,2024-10-26,보육료 지원이 실제 필요한 가정에 제대로 전달되지 지역별 격차가
공무원 응대 서비스 개선이 필요합니다,공무원 응대 서비스 개선이 필요합니다. 업무 효율성을 높여야 합니다.,행정,2024-10-26,공무원 응대 서비스 개선이 업무 효율성을 높여야
어린이 보호구역 안전시설을 강화해 주세요,어린이 보호구역 안전시설을 강화해 주세요. 신속한 조치를 요청합니다.,안전,2024-10-28,어린이 보호구역 안전시설을 강화해 신속한 조치를
복지 지원금 신청 절차가 복잡하여 어려움을 겪고 있습니다,복지 지원금 신청 절차가 복잡하여 어려움을 겪고 있습니다. 소득 기준을 현실화해야 합니다.,복지,2024-10-28,복지 지원금 신청 절차가 복잡하여 어려움을 겪고 소득 기준을 현실화해야
노인 복지 서비스 확대가 필요합니다,노인 복지 서비스 확대가 필요합니다. 서류 준비 과정이 너무 복잡합니다.,복지,2024-10-28,노인 복지 서비스 확대가 서류 준비 과정이 너무
경기 수원시 지역 미세먼지 대책을 강화해 주세요,경기 수원시 지역 미세먼지 대책을 강화해 주세요. 주민 건강이 위협받고 있습니다.,환경,2024-10-28,경기 수원시 지역 미세먼지 대책을 강화해 주민 건강이 위협받고
재활용 분리수거 시스템 개선이 필요합니다,재활용 분리수거 시스템 개선이 필요합니다. 체계적인 관리가 필요합니다.,환경,2024-10-29,재활용 분리수거 시스템 개선이 체계적인 관리가
가로등이 고장난 지 오래되었습니다,가로등이 고장난 지 오래되었습니다. 사고 예방이 시급합니다.,안전,2024-10-30,가로등이 고장난 사고 예방이
서류 발급 절차를 간소화해 주세요,서류 발급 절차를 간소화해 주세요. 업무 효율성을 높여야 합니다.,행정,2024-10-31,서류 발급 절차를 간소화해 업무 효율성을 높여야
도시 녹지 공간을 확대해 주세요,도시 녹지 공간을 확대해 주세요. 예산 확대가 시급합니다.,환경,2024-10-31,도시 녹지 공간을 확대해 예산 확대가
대중교통 환승 시스템 개선이 필요합니다,대중교통 환승 시스템 개선이 필요합니다. 장기적인 계획 수립을 요청합니다.,교통,2024-11-01,대중교통 환승 시스템 개선이 장기적인 계획 수립을
노인 복지 서비스 확대가 필요합니다,노인 복지 서비스 확대가 필요합니다. 서류 준비 과정이 너무 복잡합니다.,복지,2024-11-02,노인 복지 서비스 확대가 서류 준비 과정이 너무
노인 복지 서비스 확대가 필요합니다,노인 복지 서비스 확대가 필요합니다. 온라인 신청 시스템 개선이 시급합니다.,복지,2024-11-02,노인 복지 서비스 확대가 온라인 신청 시스템 개선이
전북 전주시 도로 포장 상태가 매우 불량합니다,전북 전주시 도로 포장 상태가 매우 불량합니다. 장기적인 계획 수립을 요청합니다.,교통,2024-11-02,전북 전주시 도로 포장 상태가 매우 장기적인 계획 수립을
행정 정보 공개를 확대해 주세요,행정 정보 공개를 확대해 주세요. 디지털 전환이 시급합니다.,행정,2024-11-03,행정 정보 공개를 확대해 디지털 전환이
재난 대응 시스템 개선이 필요합니다,재난 대응 시스템 개선이 필요합니다. 정기적인 점검이 필요합니다.,안전,2024-11-03,재난 대응 시스템 개선이 정기적인 점검이
보육료 지원이 실제 필요한 가정에 제대로 전달되지 않습니다,보육료 지원이 실제 필요한 가정에 제대로 전달되지 않습니다. 소득 기준을 현실화해야 합니다.,복지,2024-11-03,보육료 지원이 실제 필요한 가정에 제대로 전달되지 소득 기준을 현실화해야
경기 성남시 도로 포장 상태가 매우 불량합니다,경기 성남시 도로 포장 상태가 매우 불량합니다. 장기적인 계획 수립을 요청합니다.,교통,2024-11-03,경기 성남시 도로 포장 상태가 매우 장기적인 계획 수립을
가로등이 고장난 지 오래되었습니다,가로등이 고장난 지 오래되었습니다. 예방 대책을 마련해 주세요.,안전,2024-11-04,가로등이 고장난 예방 대책을 마련해
기초연금 수급 자격 기준이 너무 엄격합니다,기초연금 수급 자격 기준이 너무 엄격합니다. 담당 공무원의 안내가 부족합니다.,복지,2024-11-05,기초연금 수급 자격 기준이 너무 담당 공무원의 안내가
도시 녹지 공간을 확대해 주세요,도시 녹지 공간을 확대해 주세요. 예산 확대가 시급합니다.,환경,2024-11-05,도시 녹지 공간을 확대해 예산 확대가
출퇴근 시간 전남 여수시 버스 배차 간격이 너무 깁니다,출퇴근 시간 전남 여수시 버스 배차 간격이 너무 깁니다. 사고 위험이 높아지고 있습니다.,교통,2024-11-05,출퇴근 시간 전남 여수시 버스 배차 간격이 너무 사고 위험이 높아지고
경기 성남시 도로 포장 상태가 매우 불량합니다,경기 성남시 도로 포장 상태가 매우 불량합니다. 사고 위험이 높아지고 있습니다.,교통,2024-11-07,경기 성남시 도로 포장 상태가 매우 사고 위험이 높아지고
재활용 분리수거 시스템 개선이 필요합니다,재활용 분리수거 시스템 개선이 필요합니다. 시민 참여 방안을 마련해 주세요.,환경,2024-11-07,재활용 분리수거 시스템 개선이 시민 참여 방안을 마련해
복지 지원금 신청 절차가 복잡하여 어려움을 겪고 있습니다,복지 지원금 신청 절차가 복잡하여 어려움을 겪고 있습니다. 온라인 신청 시스템 개선이 시급합니다.,복지,2024-11-09,복지 지원금 신청 절차가 복잡하여 어려움을 겪고 온라인 신청 시스템 개선이
생활 소음 규제를 강화해야 합니다,생활 소음 규제를 강화해야 합니다. 시민 참여 방안을 마련해 주세요.,환경,2024-11-10,생활 소음 규제를 강화해야 시민 참여 방안을 마련해
행정 정보 공개를 확대해 주세요,행정 정보 공개를 확대해 주세요. 디지털 전환이 시급합니다.,행정,2024-11-10,행정 정보 공개를 확대해 디지털 전환이
서류 발급 절차를 간소화해 주세요,서류 발급 절차를 간소화해 주세요. 업무 효율성을 높여야 합니다.,행정,2024-11-11,서류 발급 절차를 간소화해 업무 효율성을 높여야
울산 남구 공원 관리가 제대로 되지 않고 있습니다,울산 남구 공원 관리가 제대로 되지 않고 있습니다. 주민 건강이 위협받고 있습니다.,환경,2024-11-11,울산 남구 공원 관리가 제대로 되지 않고 주민 건강이 위협받고
서류 발급 절차를 간소화해 주세요,서류 발급 절차를 간소화해 주세요. 투명성을 강화해야 합니다.,행정,2024-11-11,서류 발급 절차를 간소화해 투명성을 강화해야
주차 공간 부족 문제를 해결해 주세요,주차 공간 부족 문제를 해결해 주세요. 긴급한 대책 마련이 필요합니다.,교통,2024-11-12,주차 공간 부족 문제를 해결해 긴급한 대책 마련이
온라인 행정 시스템이 불편합니다,온라인 행정 시스템이 불편합니다. 디지털 전환이 시급합니다.,행정,2024-11-12,온라인 행정 시스템이 디지털 전환이
대중교통 환승 시스템 개선이 필요합니다,대중교통 환승 시스템 개선이 필요합니다. 긴급한 대책 마련이 필요합니다.,교통,2024-11-12,대중교통 환승 시스템 개선이 긴급한 대책 마련이
복지 지원금 신청 절차가 복잡하여 어려움을 겪고 있습니다,복지 지원금 신청 절차가 복잡하여 어려움을 겪고 있습니다. 온라인 신청 시스템 개선이 시급합니다.,복지,2024-11-13,복지 지원금 신청 절차가 복잡하여 어려움을 겪고 온라인 신청 시스템 개선이
도시 녹지 공간을 확대해 주세요,도시 녹지 공간을 확대해 주세요. 생활 환경이 악화되고 있습니다.,환경,2024-11-13,도시 녹지 공간을 확대해 생활 환경이 악화되고
가로등이 고장난 지 오래되었습니다,가로등이 고장난 지 오래되었습니다. 주민 불안감이 증가하고 있습니다.,안전,2024-11-14,가로등이 고장난 주민 불안감이 증가하고
재활용 분리수거 시스템 개선이 필요합니다,재활용 분리수거 시스템 개선이 필요합니다. 주민 건강이 위협받고 있습니다.,환경,2024-11-14,재활용 분리수거 시스템 개선이 주민 건강이 위협받고
온라인 행정 시스템이 불편합니다,온라인 행정 시스템이 불편합니다. 디지털 전환이 시급합니다.,행정,2024-11-14,온라인 행정 시스템이 디지털 전환이
공공시설 안전 점검을 철저히 해주세요,공공시설 안전 점검을 철저히 해주세요. 예방 대책을 마련해 주세요.,안전,2024-11-15,공공시설 안전 점검을 철저히 예방 대책을 마련해
복지 지원금 신청 절차가 복잡하여 어려움을 겪고 있습니다,복지 지원금 신청 절차가 복잡하여 어려움을 겪고 있습니다. 서류 준비 과정이 너무 복잡합니다.,복지,2024-11-16,복지 지원금 신청 절차가 복잡하여 어려움을 겪고 서류 준비 과정이 너무
복지 지원금 신청 절차가 복잡하여 어려움을 겪고 있습니다,복지 지원금 신청 절차가 복잡하여 어려움을 겪고 있습니다. 지역별 격차가 심각합니다.,복지,2024-11-17,복지 지원금 신청 절차가 복잡하여 어려움을 겪고 지역별 격차가
주차 공간 부족 문제를 해결해 주세요,주차 공간 부족 문제를 해결해 주세요. 사고 위험이 높아지고 있습니다.,교통,2024-11-17,주차 공간 부족 문제를 해결해 사고 위험이 높아지고
서류 발급 절차를 간소화해 주세요,서류 발급 절차를 간소화해 주세요. 투명성을 강화해야 합니다.,행정,2024-11-17,서류 발급 절차를 간소화해 투명성을 강화해야
생활 소음 규제를 강화해야 합니다,생활 소음 규제를 강화해야 합니다. 주민 건강이 위협받고 있습니다.,환경,2024-11-17,생활 소음 규제를 강화해야 주민 건강이 위협받고
공무원 응대 서비스 개선이 필요합니다,공무원 응대 서비스 개선이 필요합니다. 시민 중심 서비스가 필요합니다.,행정,2024-11-17,공무원 응대 서비스 개선이 시민 중심 서비스가
강원 춘천시 도로 포장 상태가 매우 불량합니다,강원 춘천시 도로 포장 상태가 매우 불량합니다. 경제적 손실이 발생하고 있습니다.,교통,2024-11-18,강원 춘천시 도로 포장 상태가 매우 경제적 손실이 발생하고
민원 처리 속도가 너무 느립니다,민원 처리 속도가 너무 느립니다. 투명성을 강화해야 합니다.,행정,2024-11-20,민원 처리 속도가 너무 투명성을 강화해야
행정 정보 공개를 확대해 주세요,행정 정보 공개를 확대해 주세요. 접근성을 개선해 주세요.,행정,2024-11-20,행정 정보 공개를 확대해 접근성을 개선해
대구 수성구 지역에 CCTV 설치를 요청합니다,대구 수성구 지역에 CCTV 설치를 요청합니다. 신속한 조치를 요청합니다.,안전,2024-11-20,대구 수성구 지역에 설치를 신속한 조치를
재난 대응 시스템 개선이 필요합니다,재난 대응 시스템 개선이 필요합니다. 주민 불안감이 증가하고 있습니다.,안전,2024-11-20,재난 대응 시스템 개선이 주민 불안감이 증가하고
의료비 지원 대상자 선정 기준을 완화해 주세요,의료비 지원 대상자 선정 기준을 완화해 주세요. 지역별 격차가 심각합니다.,복지,2024-11-21,의료비 지원 대상자 선정 기준을 완화해 지역별 격차가
세종시 지역에 CCTV 설치를 요청합니다,세종시 지역에 CCTV 설치를 요청합니다. 주민 불안감이 증가하고 있습니다.,안전,2024-11-21,세종시 지역에 설치를 주민 불안감이 증가하고
공공시설 안전 점검을 철저히 해주세요,공공시설 안전 점검을 철저히 해주세요. 정기적인 점검이 필요합니다.,안전,2024-11-21,공공시설 안전 점검을 철저히 정기적인 점검이
공공시설 안전 점검을 철저히 해주세요,공공시설 안전 점검을 철저히 해주세요. 사고 예방이 시급합니다.,안전,2024-11-22,공공시설 안전 점검을 철저히 사고 예방이
재난 대응 시스템 개선이 필요합니다,재난 대응 시스템 개선이 필요합니다. 신속한 조치를 요청합니다.,안전,2024-11-22,재난 대응 시스템 개선이 신속한 조치를
복지 지원금 신청 절차가 복잡하여 어려움을 겪고 있습니다,복지 지원금 신청 절차가 복잡하여 어려움을 겪고 있습니다. 서류 준비 과정이 너무 복잡합니다.,복지,2024-11-22,복지 지원금 신청 절차가 복잡하여 어려움을 겪고 서류 준비 과정이 너무
재난 대응 시스템 개선이 필요합니다,재난 대응 시스템 개선이 필요합니다. 사고 예방이 시급합니다.,안전,2024-11-23,재난 대응 시스템 개선이 사고 예방이
어린이 보호구역 안전시설을 강화해 주세요,어린이 보호구역 안전시설을 강화해 주세요. 사고 예방이 시급합니다.,안전,2024-11-23,어린이 보호구역 안전시설을 강화해 사고 예방이
생활 소음 규제를 강화해야 합니다,생활 소음 규제를 강화해야 합니다. 생활 환경이 악화되고 있습니다.,환경,2024-11-24,생활 소음 규제를 강화해야 생활 환경이 악화되고
생활 소음 규제를 강화해야 합니다,생활 소음 규제를 강화해야 합니다. 생활 환경이 악화되고 있습니다.,환경,2024-11-24,생활 소음 규제를 강화해야 생활 환경이 악화되고
복지 지원금 신청 절차가 복잡하여 어려움을 겪고 있습니다,복지 지원금 신청 절차가 복잡하여 어려움을 겪고 있습니다. 온라인 신청 시스템 개선이 시급합니다.,복지,2024-11-25,복지 지원금 신청 절차가 복잡하여 어려움을 겪고 온라인 신청 시스템 개선이
보육료 지원이 실제 필요한 가정에 제대로 전달되지 않습니다,보육료 지원이 실제 필요한 가정에 제대로 전달되지 않습니다. 담당 공무원의 안내가 부족합니다.,복지,2024-11-26,보육료 지원이 실제 필요한 가정에 제대로 전달되지 담당 공무원의 안내가
복지 지원금 신청 절차가 복잡하여 어려움을 겪고 있습니다,복지 지원금 신청 절차가 복잡하여 어려움을 겪고 있습니다. 담당 공무원의 안내가 부족합니다.,복지,2024-11-27,복지 지원금 신청 절차가 복잡하여 어려움을 겪고 담당 공무원의 안내가
가로등이 고장난 지 오래되었습니다,가로등이 고장난 지 오래되었습니다. 주민 불안감이 증가하고 있습니다.,안전,2024-11-27,가로등이 고장난 주민 불안감이 증가하고
가로등이 고장난 지 오래되었습니다,가로등이 고장난 지 오래되었습니다. 정기적인 점검이 필요합니다.,안전,2024-11-28,가로등이 고장난 정기적인 점검이
경기 성남시 지역 신호등 체계 개선이 필요합니다,경기 성남시 지역 신호등 체계 개선이 필요합니다. 장기적인 계획 수립을 요청합니다.,교통,2024-11-29,경기 성남시 지역 신호등 체계 개선이 장기적인 계획 수립을
공무원 응대 서비스 개선이 필요합니다,공무원 응대 서비스 개선이 필요합니다. 업무 효율성을 높여야 합니다.,행정,2024-11-29,공무원 응대 서비스 개선이 업무 효율성을 높여야
가로등이 고장난 지 오래되었습니다,가로등이 고장난 지 오래되었습니다. 정기적인 점검이 필요합니다.,안전,2024-11-29,가로등이 고장난 정기적인 점검이
경기 성남시 지역 신호등 체계 개선이 필요합니다,경기 성남시 지역 신호등 체계 개선이 필요합니다. 시민들의 불편이 가중되고 있습니다.,교통,2024-11-30,경기 성남시 지역 신호등 체계 개선이 시민들의 불편이 가중되고
경기 성남시 공원 관리가 제대로 되지 않고 있습니다,경기 성남시 공원 관리가 제대로 되지 않고 있습니다. 시민 참여 방안을 마련해 주세요.,환경,2024-12-01,경기 성남시 공원 관리가 제대로 되지 않고 시민 참여 방안을 마련해
도시 녹지 공간을 확대해 주세요,도시 녹지 공간을 확대해 주세요. 체계적인 관리가 필요합니다.,환경,2024-12-01,도시 녹지 공간을 확대해 체계적인 관리가
서류 발급 절차를 간소화해 주세요,서류 발급 절차를 간소화해 주세요. 업무 효율성을 높여야 합니다.,행정,2024-12-02,서류 발급 절차를 간소화해 업무 효율성을 높여야
노인 복지 서비스 확대가 필요합니다,노인 복지 서비스 확대가 필요합니다. 온라인 신청 시스템 개선이 시급합니다.,복지,2024-12-02,노인 복지 서비스 확대가 온라인 신청 시스템 개선이
경기 성남시 공원 관리가 제대로 되지 않고 있습니다,경기 성남시 공원 관리가 제대로 되지 않고 있습니다. 예산 확대가 시급합니다.,환경,2024-12-02,경기 성남시 공원 관리가 제대로 되지 않고 예산 확대가
민원 처리 속도가 너무 느립니다,민원 처리 속도가 너무 느립니다. 접근성을 개선해 주세요.,행정,2024-12-02,민원 처리 속도가 너무 접근성을 개선해
기초연금 수급 자격 기준이 너무 엄격합니다,기초연금 수급 자격 기준이 너무 엄격합니다. 담당 공무원의 안내가 부족합니다.,복지,2024-12-03,기초연금 수급 자격 기준이 너무 담당 공무원의 안내가
부산 해운대구 도로 포장 상태가 매우 불량합니다,부산 해운대구 도로 포장 상태가 매우 불량합니다. 긴급한 대책 마련이 필요합니다.,교통,2024-12-03,부산 해운대구 도로 포장 상태가 매우 긴급한 대책 마련이
기초연금 수급 자격 기준이 너무 엄격합니다,기초연금 수급 자격 기준이 너무 엄격합니다. 지역별 격차가 심각합니다.,복지,2024-12-03,기초연금 수급 자격 기준이 너무 지역별 격차가
세종시 지역 미세먼지 대책을 강화해 주세요,세종시 지역 미세먼지 대책을 강화해 주세요. 예산 확대가 시급합니다.,환경,2024-12-05,세종시 지역 미세먼지 대책을 강화해 예산 확대가
노인 복지 서비스 확대가 필요합니다,노인 복지 서비스 확대가 필요합니다. 담당 공무원의 안내가 부족합니다.,복지,2024-12-05,노인 복지 서비스 확대가 담당 공무원의 안내가
복지 지원금 신청 절차가 복잡하여 어려움을 겪고 있습니다,복지 지원금 신청 절차가 복잡하여 어려움을 겪고 있습니다. 담당 공무원의 안내가 부족합니다.,복지,2024-12-05,복지 지원금 신청 절차가 복잡하여 어려움을 겪고 담당 공무원의 안내가
도시 녹지 공간을 확대해 주세요,도시 녹지 공간을 확대해 주세요. 주민 건강이 위협받고 있습니다.,환경,2024-12-06,도시 녹지 공간을 확대해 주민 건강이 위협받고
대구 수성구 도로 포장 상태가 매우 불량합니다,대구 수성구 도로 포장 상태가 매우 불량합니다. 긴급한 대책 마련이 필요합니다.,교통,2024-12-07,대구 수성구 도로 포장 상태가 매우 긴급한 대책 마련이
경남 창원시 도로 포장 상태가 매우 불량합니다,경남 창원시 도로 포장 상태가 매우 불량합니다. 긴급한 대책 마련이 필요합니다.,교통,2024-12-07,경남 창원시 도로 포장 상태가 매우 긴급한 대책 마련이
도시 녹지 공간을 확대해 주세요,도시 녹지 공간을 확대해 주세요. 체계적인 관리가 필요합니다.,환경,2024-12-07,도시 녹지 공간을 확대해 체계적인 관리가
기초연금 수급 자격 기준이 너무 엄격합니다,기초연금 수급 자격 기준이 너무 엄격합니다. 담당 공무원의 안내가 부족합니다.,복지,2024-12-07,기초연금 수급 자격 기준이 너무 담당 공무원의 안내가
온라인 행정 시스템이 불편합니다,온라인 행정 시스템이 불편합니다. 투명성을 강화해야 합니다.,행정,2024-12-08,온라인 행정 시스템이 투명성을 강화해야
충북 청주시 지역 신호등 체계 개선이 필요합니다,충북 청주시 지역 신호등 체계 개선이 필요합니다. 경제적 손실이 발생하고 있습니다.,교통,2024-12-09,충북 청주시 지역 신호등 체계 개선이 경제적 손실이 발생하고
출퇴근 시간 대구 수성구 버스 배차 간격이 너무 깁니다,출퇴근 시간 대구 수성구 버스 배차 간격이 너무 깁니다. 사고 위험이 높아지고 있습니다.,교통,2024-12-10,출퇴근 시간 대구 수성구 버스 배차 간격이 너무 사고 위험이 높아지고
재난 대응 시스템 개선이 필요합니다,재난 대응 시스템 개선이 필요합니다. 신속한 조치를 요청합니다.,안전,2024-12-10,재난 대응 시스템 개선이 신속한 조치를
출퇴근 시간 광주 서구 버스 배차 간격이 너무 깁니다,출퇴근 시간 광주 서구 버스 배차 간격이 너무 깁니다. 시민들의 불편이 가중되고 있습니다.,교통,2024-12-10,출퇴근 시간 광주 서구 버스 배차 간격이 너무 시민들의 불편이 가중되고
노인 복지 서비스 확대가 필요합니다,노인 복지 서비스 확대가 필요합니다. 소득 기준을 현실화해야 합니다.,복지,2024-12-10,노인 복지 서비스 확대가 소득 기준을 현실화해야
의료비 지원 대상자 선정 기준을 완화해 주세요,의료비 지원 대상자 선정 기준을 완화해 주세요. 담당 공무원의 안내가 부족합니다.,복지,2024-12-11,의료비 지원 대상자 선정 기준을 완화해 담당 공무원의 안내가
경남 창원시 지역 신호등 체계 개선이 필요합니다,경남 창원시 지역 신호등 체계 개선이 필요합니다. 시민들의 불편이 가중되고 있습니다.,교통,2024-12-11,경남 창원시 지역 신호등 체계 개선이 시민들의 불편이 가중되고
충남 천안시 지역에 CCTV 설치를 요청합니다,충남 천안시 지역에 CCTV 설치를 요청합니다. 정기적인 점검이 필요합니다.,안전,2024-12-11,충남 천안시 지역에 설치를 정기적인 점검이
가로등이 고장난 지 오래되었습니다,가로등이 고장난 지 오래되었습니다. 정기적인 점검이 필요합니다.,안전,2024-12-11,가로등이 고장난 정기적인 점검이
재활용 분리수거 시스템 개선이 필요합니다,재활용 분리수거 시스템 개선이 필요합니다. 주민 건강이 위협받고 있습니다.,환경,2024-12-12,재활용 분리수거 시스템 개선이 주민 건강이 위협받고
보육료 지원이 실제 필요한 가정에 제대로 전달되지 않습니다,보육료 지원이 실제 필요한 가정에 제대로 전달되지 않습니다. 서류 준비 과정이 너무 복잡합니다.,복지,2024-12-12,보육료 지원이 실제 필요한 가정에 제대로 전달되지 서류 준비 과정이 너무
의료비 지원 대상자 선정 기준을 완화해 주세요,의료비 지원 대상자 선정 기준을 완화해 주세요. 온라인 신청 시스템 개선이 시급합니다.,복지,2024-12-12,의료비 지원 대상자 선정 기준을 완화해 온라인 신청 시스템 개선이
서류 발급 절차를 간소화해 주세요,서류 발급 절차를 간소화해 주세요. 시민 중심 서비스가 필요합니다.,행정,2024-12-12,서류 발급 절차를 간소화해 시민 중심 서비스가
대중교통 환승 시스템 개선이 필요합니다,대중교통 환승 시스템 개선이 필요합니다. 사고 위험이 높아지고 있습니다.,교통,2024-12-12,대중교통 환승 시스템 개선이 사고 위험이 높아지고
부산 해운대구 공원 관리가 제대로 되지 않고 있습니다,부산 해운대구 공원 관리가 제대로 되지 않고 있습니다. 체계적인 관리가 필요합니다.,환경,2024-12-13,부산 해운대구 공원 관리가 제대로 되지 않고 체계적인 관리가
대전 유성구 공원 관리가 제대로 되지 않고 있습니다,대전 유성구 공원 관리가 제대로 되지 않고 있습니다. 생활 환경이 악화되고 있습니다.,환경,2024-12-14,대전 유성구 공원 관리가 제대로 되지 않고 생활 환경이 악화되고
민원 처리 속도가 너무 느립니다,민원 처리 속도가 너무 느립니다. 접근성을 개선해 주세요.,행정,2024-12-14,민원 처리 속도가 너무 접근성을 개선해
공공시설 안전 점검을 철저히 해주세요,공공시설 안전 점검을 철저히 해주세요. 정기적인 점검이 필요합니다.,안전,2024-12-14,공공시설 안전 점검을 철저히 정기적인 점검이
민원 처리 속도가 너무 느립니다,민원 처리 속도가 너무 느립니다. 시민 중심 서비스가 필요합니다.,행정,2024-12-14,민원 처리 속도가 너무 시민 중심 서비스가
제주시 공원 관리가 제대로 되지 않고 있습니다,제주시 공원 관리가 제대로 되지 않고 있습니다. 생활 환경이 악화되고 있습니다.,환경,2024-12-15,제주시 공원 관리가 제대로 되지 않고 생활 환경이 악화되고
복지 지원금 신청 절차가 복잡하여 어려움을 겪고 있습니다,복지 지원금 신청 절차가 복잡하여 어려움을 겪고 있습니다. 온라인 신청 시스템 개선이 시급합니다.,복지,2024-12-15,복지 지원금 신청 절차가 복잡하여 어려움을 겪고 온라인 신청 시스템 개선이
재활용 분리수거 시스템 개선이 필요합니다,재활용 분리수거 시스템 개선이 필요합니다. 주민 건강이 위협받고 있습니다.,환경,2024-12-16,재활용 분리수거 시스템 개선이 주민 건강이 위협받고
생활 소음 규제를 강화해야 합니다,생활 소음 규제를 강화해야 합니다. 체계적인 관리가 필요합니다.,환경,2024-12-17,생활 소음 규제를 강화해야 체계적인 관리가
재난 대응 시스템 개선이 필요합니다,재난 대응 시스템 개선이 필요합니다. 사고 예방이 시급합니다.,안전,2024-12-19,재난 대응 시스템 개선이 사고 예방이
보육료 지원이 실제 필요한 가정에 제대로 전달되지 않습니다,보육료 지원이 실제 필요한 가정에 제대로 전달되지 않습니다. 담당 공무원의 안내가 부족합니다.,복지,2024-12-19,보육료 지원이 실제 필요한 가정에 제대로 전달되지 담당 공무원의 안내가
경기 용인시 도로 포장 상태가 매우 불량합니다,경기 용인시 도로 포장 상태가 매우 불량합니다. 시민들의 불편이 가중되고 있습니다.,교통,2024-12-19,경기 용인시 도로 포장 상태가 매우 시민들의 불편이 가중되고
도시 녹지 공간을 확대해 주세요,도시 녹지 공간을 확대해 주세요. 체계적인 관리가 필요합니다.,환경,2024-12-19,도시 녹지 공간을 확대해 체계적인 관리가
경기 수원시 공원 관리가 제대로 되지 않고 있습니다,경기 수원시 공원 관리가 제대로 되지 않고 있습니다. 예산 확대가 시급합니다.,환경,2024-12-20,경기 수원시 공원 관리가 제대로 되지 않고 예산 확대가
도시 녹지 공간을 확대해 주세요,도시 녹지 공간을 확대해 주세요. 체계적인 관리가 필요합니다.,환경,2024-12-20,도시 녹지 공간을 확대해 체계적인 관리가
생활 소음 규제를 강화해야 합니다,생활 소음 규제를 강화해야 합니다. 주민 건강이 위협받고 있습니다.,환경,2024-12-20,생활 소음 규제를 강화해야 주민 건강이 위협받고
도시 녹지 공간을 확대해 주세요,도시 녹지 공간을 확대해 주세요. 체계적인 관리가 필요합니다.,환경,2024-12-20,도시 녹지 공간을 확대해 체계적인 관리가
출퇴근 시간 서울 강남구 버스 배차 간격이 너무 깁니다,출퇴근 시간 서울 강남구 버스 배차 간격이 너무 깁니다. 시민들의 불편이 가중되고 있습니다.,교통,2024-12-21,출퇴근 시간 서울 강남구 버스 배차 간격이 너무 시민들의 불편이 가중되고
대중교통 환승 시스템 개선이 필요합니다,대중교통 환승 시스템 개선이 필요합니다. 사고 위험이 높아지고 있습니다.,교통,2024-12-22,대중교통 환승 시스템 개선이 사고 위험이 높아지고
공공시설 안전 점검을 철저히 해주세요,공공시설 안전 점검을 철저히 해주세요. 주민 불안감이 증가하고 있습니다.,안전,2024-12-22,공공시설 안전 점검을 철저히 주민 불안감이 증가하고
전남 여수시 도로 포장 상태가 매우 불량합니다,전남 여수시 도로 포장 상태가 매우 불량합니다. 사고 위험이 높아지고 있습니다.,교통,2024-12-23,전남 여수시 도로 포장 상태가 매우 사고 위험이 높아지고
행정 정보 공개를 확대해 주세요,행정 정보 공개를 확대해 주세요. 접근성을 개선해 주세요.,행정,2024-12-23,행정 정보 공개를 확대해 접근성을 개선해
대구 수성구 지역에 CCTV 설치를 요청합니다,대구 수성구 지역에 CCTV 설치를 요청합니다. 사고 예방이 시급합니다.,안전,2024-12-24,대구 수성구 지역에 설치를 사고 예방이
전남 여수시 도로 포장 상태가 매우 불량합니다,전남 여수시 도로 포장 상태가 매우 불량합니다. 사고 위험이 높아지고 있습니다.,교통,2024-12-26,전남 여수시 도로 포장 상태가 매우 사고 위험이 높아지고
도시 녹지 공간을 확대해 주세요,도시 녹지 공간을 확대해 주세요. 주민 건강이 위협받고 있습니다.,환경,2024-12-26,도시 녹지 공간을 확대해 주민 건강이 위협받고
어린이 보호구역 안전시설을 강화해 주세요,어린이 보호구역 안전시설을 강화해 주세요. 신속한 조치를 요청합니다.,안전,2024-12-26,어린이 보호구역 안전시설을 강화해 신속한 조치를
가로등이 고장난 지 오래되었습니다,가로등이 고장난 지 오래되었습니다. 예방 대책을 마련해 주세요.,안전,2024-12-26,가로등이 고장난 예방 대책을 마련해
행정 정보 공개를 확대해 주세요,행정 정보 공개를 확대해 주세요. 시민 중심 서비스가 필요합니다.,행정,2024-12-27,행정 정보 공개를 확대해 시민 중심 서비스가
출퇴근 시간 서울 강북구 버스 배차 간격이 너무 깁니다,출퇴근 시간 서울 강북구 버스 배차 간격이 너무 깁니다. 경제적 손실이 발생하고 있습니다.,교통,2024-12-28,출퇴근 시간 서울 강북구 버스 배차 간격이 너무 경제적 손실이 발생하고
강원 춘천시 공원 관리가 제대로 되지 않고 있습니다,강원 춘천시 공원 관리가 제대로 되지 않고 있습니다. 시민 참여 방안을 마련해 주세요.,환경,2024-12-29,강원 춘천시 공원 관리가 제대로 되지 않고 시민 참여 방안을 마련해
공공시설 안전 점검을 철저히 해주세요,공공시설 안전 점검을 철저히 해주세요. 사고 예방이 시급합니다.,안전,2024-12-30,공공시설 안전 점검을 철저히 사고 예방이
재활용 분리수거 시스템 개선이 필요합니다,재활용 분리수거 시스템 개선이 필요합니다. 체계적인 관리가 필요합니다.,환경,2024-12-30,재활용 분리수거 시스템 개선이 체계적인 관리가
온라인 행정 시스템이 불편합니다,온라인 행정 시스템이 불편합니다. 디지털 전환이 시급합니다.,행정,2025-01-01,온라인 행정 시스템이 디지털 전환이
대구 수성구 지역 미세먼지 대책을 강화해 주세요,대구 수성구 지역 미세먼지 대책을 강화해 주세요. 예산 확대가 시급합니다.,환경,2025-01-02,대구 수성구 지역 미세먼지 대책을 강화해 예산 확대가
부산 해운대구 지역에 CCTV 설치를 요청합니다,부산 해운대구 지역에 CCTV 설치를 요청합니다. 예방 대책을 마련해 주세요.,안전,2025-01-03,부산 해운대구 지역에 설치를 예방 대책을 마련해
행정 정보 공개를 확대해 주세요,행정 정보 공개를 확대해 주세요. 업무 효율성을 높여야 합니다.,행정,2025-01-03,행정 정보 공개를 확대해 업무 효율성을 높여야
경기 수원시 지역 신호등 체계 개선이 필요합니다,경기 수원시 지역 신호등 체계 개선이 필요합니다. 시민들의 불편이 가중되고 있습니다.,교통,2025-01-04,경기 수원시 지역 신호등 체계 개선이 시민들의 불편이 가중되고
출퇴근 시간 경기 수원시 버스 배차 간격이 너무 깁니다,출퇴근 시간 경기 수원시 버스 배차 간격이 너무 깁니다. 시민들의 불편이 가중되고 있습니다.,교통,2025-01-04,출퇴근 시간 경기 수원시 버스 배차 간격이 너무 시민들의 불편이 가중되고
보육료 지원이 실제 필요한 가정에 제대로 전달되지 않습니다,보육료 지원이 실제 필요한 가정에 제대로 전달되지 않습니다. 지역별 격차가 심각합니다.,복지,2025-01-04,보육료 지원이 실제 필요한 가정에 제대로 전달되지 지역별 격차가
복지 지원금 신청 절차가 복잡하여 어려움을 겪고 있습니다,복지 지원금 신청 절차가 복잡하여 어려움을 겪고 있습니다. 담당 공무원의 안내가 부족합니다.,복지,2025-01-05,복지 지원금 신청 절차가 복잡하여 어려움을 겪고 담당 공무원의 안내가
기초연금 수급 자격 기준이 너무 엄격합니다,기초연금 수급 자격 기준이 너무 엄격합니다. 소득 기준을 현실화해야 합니다.,복지,2025-01-05,기초연금 수급 자격 기준이 너무 소득 기준을 현실화해야
서울 강남구 공원 관리가 제대로 되지 않고 있습니다,서울 강남구 공원 관리가 제대로 되지 않고 있습니다. 주민 건강이 위협받고 있습니다.,환경,2025-01-05,서울 강남구 공원 관리가 제대로 되지 않고 주민 건강이 위협받고
경기 용인시 지역 미세먼지 대책을 강화해 주세요,경기 용인시 지역 미세먼지 대책을 강화해 주세요. 예산 확대가 시급합니다.,환경,2025-01-06,경기 용인시 지역 미세먼지 대책을 강화해 예산 확대가
행정 정보 공개를 확대해 주세요,행정 정보 공개를 확대해 주세요. 디지털 전환이 시급합니다.,행정,2025-01-08,행정 정보 공개를 확대해 디지털 전환이
서류 발급 절차를 간소화해 주세요,서류 발급 절차를 간소화해 주세요. 디지털 전환이 시급합니다.,행정,2025-01-08,서류 발급 절차를 간소화해 디지털 전환이
의료비 지원 대상자 선정 기준을 완화해 주세요,의료비 지원 대상자 선정 기준을 완화해 주세요. 온라인 신청 시스템 개선이 시급합니다.,복지,2025-01-08,의료비 지원 대상자 선정 기준을 완화해 온라인 신청 시스템 개선이
도시 녹지 공간을 확대해 주세요,도시 녹지 공간을 확대해 주세요. 시민 참여 방안을 마련해 주세요.,환경,2025-01-09,도시 녹지 공간을 확대해 시민 참여 방안을 마련해
경기 수원시 도로 포장 상태가 매우 불량합니다,경기 수원시 도로 포장 상태가 매우 불량합니다. 장기적인 계획 수립을 요청합니다.,교통,2025-01-10,경기 수원시 도로 포장 상태가 매우 장기적인 계획 수립을
서류 발급 절차를 간소화해 주세요,서류 발급 절차를 간소화해 주세요. 업무 효율성을 높여야 합니다.,행정,2025-01-10,서류 발급 절차를 간소화해 업무 효율성을 높여야
생활 소음 규제를 강화해야 합니다,생활 소음 규제를 강화해야 합니다. 시민 참여 방안을 마련해 주세요.,환경,2025-01-11,생활 소음 규제를 강화해야 시민 참여 방안을 마련해
보육료 지원이 실제 필요한 가정에 제대로 전달되지 않습니다,보육료 지원이 실제 필요한 가정에 제대로 전달되지 않습니다. 서류 준비 과정이 너무 복잡합니다.,복지,2025-01-11,보육료 지원이 실제 필요한 가정에 제대로 전달되지 서류 준비 과정이 너무
복지 지원금 신청 절차가 복잡하여 어려움을 겪고 있습니다,복지 지원금 신청 절차가 복잡하여 어려움을 겪고 있습니다. 온라인 신청 시스템 개선이 시급합니다.,복지,2025-01-12,복지 지원금 신청 절차가 복잡하여 어려움을 겪고 온라인 신청 시스템 개선이
전남 여수시 공원 관리가 제대로 되지 않고 있습니다,전남 여수시 공원 관리가 제대로 되지 않고 있습니다. 시민 참여 방안을 마련해 주세요.,환경,2025-01-12,전남 여수시 공원 관리가 제대로 되지 않고 시민 참여 방안을 마련해
공공시설 안전 점검을 철저히 해주세요,공공시설 안전 점검을 철저히 해주세요. 주민 불안감이 증가하고 있습니다.,안전,2025-01-13,공공시설 안전 점검을 철저히 주민 불안감이 증가하고
도시 녹지 공간을 확대해 주세요,도시 녹지 공간을 확대해 주세요. 체계적인 관리가 필요합니다.,환경,2025-01-14,도시 녹지 공간을 확대해 체계적인 관리가
전남 여수시 지역 신호등 체계 개선이 필요합니다,전남 여수시 지역 신호등 체계 개선이 필요합니다. 긴급한 대책 마련이 필요합니다.,교통,2025-01-16,전남 여수시 지역 신호등 체계 개선이 긴급한 대책 마련이
재난 대응 시스템 개선이 필요합니다,재난 대응 시스템 개선이 필요합니다. 주민 불안감이 증가하고 있습니다.,안전,2025-01-16,재난 대응 시스템 개선이 주민 불안감이 증가하고
공무원 응대 서비스 개선이 필요합니다,공무원 응대 서비스 개선이 필요합니다. 접근성을 개선해 주세요.,행정,2025-01-16,공무원 응대 서비스 개선이 접근성을 개선해
의료비 지원 대상자 선정 기준을 완화해 주세요,의료비 지원 대상자 선정 기준을 완화해 주세요. 지역별 격차가 심각합니다.,복지,2025-01-18,의료비 지원 대상자 선정 기준을 완화해 지역별 격차가
재난 대응 시스템 개선이 필요합니다,재난 대응 시스템 개선이 필요합니다. 신속한 조치를 요청합니다.,안전,2025-01-18,재난 대응 시스템 개선이 신속한 조치를
도시 녹지 공간을 확대해 주세요,도시 녹지 공간을 확대해 주세요. 체계적인 관리가 필요합니다.,환경,2025-01-18,도시 녹지 공간을 확대해 체계적인 관리가
제주시 공원 관리가 제대로 되지 않고 있습니다,제주시 공원 관리가 제대로 되지 않고 있습니다. 생활 환경이 악화되고 있습니다.,환경,2025-01-19,제주시 공원 관리가 제대로 되지 않고 생활 환경이 악화되고
재난 대응 시스템 개선이 필요합니다,재난 대응 시스템 개선이 필요합니다. 신속한 조치를 요청합니다.,안전,2025-01-19,재난 대응 시스템 개선이 신속한 조치를
기초연금 수급 자격 기준이 너무 엄격합니다,기초연금 수급 자격 기준이 너무 엄격합니다. 지역별 격차가 심각합니다.,복지,2025-01-19,기초연금 수급 자격 기준이 너무 지역별 격차가
대구 수성구 지역 미세먼지 대책을 강화해 주세요,대구 수성구 지역 미세먼지 대책을 강화해 주세요. 예산 확대가 시급합니다.,환경,2025-01-20,대구 수성구 지역 미세먼지 대책을 강화해 예산 확대가
재난 대응 시스템 개선이 필요합니다,재난 대응 시스템 개선이 필요합니다. 예방 대책을 마련해 주세요.,안전,2025-01-20,재난 대응 시스템 개선이 예방 대책을 마련해
공무원 응대 서비스 개선이 필요합니다,공무원 응대 서비스 개선이 필요합니다. 업무 효율성을 높여야 합니다.,행정,2025-01-20,공무원 응대 서비스 개선이 업무 효율성을 높여야
민원 처리 속도가 너무 느립니다,민원 처리 속도가 너무 느립니다. 시민 중심 서비스가 필요합니다.,행정,2025-01-21,민원 처리 속도가 너무 시민 중심 서비스가
출퇴근 시간 경남 창원시 버스 배차 간격이 너무 깁니다,출퇴근 시간 경남 창원시 버스 배차 간격이 너무 깁니다. 사고 위험이 높아지고 있습니다.,교통,2025-01-22,출퇴근 시간 경남 창원시 버스 배차 간격이 너무 사고 위험이 높아지고
경기 수원시 지역 미세먼지 대책을 강화해 주세요,경기 수원시 지역 미세먼지 대책을 강화해 주세요. 체계적인 관리가 필요합니다.,환경,2025-01-22,경기 수원시 지역 미세먼지 대책을 강화해 체계적인 관리가
공공시설 안전 점검을 철저히 해주세요,공공시설 안전 점검을 철저히 해주세요. 예방 대책을 마련해 주세요.,안전,2025-01-22,공공시설 안전 점검을 철저히 예방 대책을 마련해
충남 천안시 지역 미세먼지 대책을 강화해 주세요,충남 천안시 지역 미세먼지 대책을 강화해 주세요. 생활 환경이 악화되고 있습니다.,환경,2025-01-24,충남 천안시 지역 미세먼지 대책을 강화해 생활 환경이 악화되고
대전 유성구 지역 미세먼지 대책을 강화해 주세요,대전 유성구 지역 미세먼지 대책을 강화해 주세요. 생활 환경이 악화되고 있습니다.,환경,2025-01-25,대전 유성구 지역 미세먼지 대책을 강화해 생활 환경이 악화되고
대중교통 환승 시스템 개선이 필요합니다,대중교통 환승 시스템 개선이 필요합니다. 시민들의 불편이 가중되고 있습니다.,교통,2025-01-25,대중교통 환승 시스템 개선이 시민들의 불편이 가중되고
생활 소음 규제를 강화해야 합니다,생활 소음 규제를 강화해야 합니다. 생활 환경이 악화되고 있습니다.,환경,2025-01-27,생활 소음 규제를 강화해야 생활 환경이 악화되고
공공시설 안전 점검을 철저히 해주세요,공공시설 안전 점검을 철저히 해주세요. 정기적인 점검이 필요합니다.,안전,2025-01-27,공공시설 안전 점검을 철저히 정기적인 점검이
복지 지원금 신청 절차가 복잡하여 어려움을 겪고 있습니다,복지 지원금 신청 절차가 복잡하여 어려움을 겪고 있습니다. 담당 공무원의 안내가 부족합니다.,복지,2025-01-27,복지 지원금 신청 절차가 복잡하여 어려움을 겪고 담당 공무원의 안내가
의료비 지원 대상자 선정 기준을 완화해 주세요,의료비 지원 대상자 선정 기준을 완화해 주세요. 담당 공무원의 안내가 부족합니다.,복지,2025-01-28,의료비 지원 대상자 선정 기준을 완화해 담당 공무원의 안내가
기초연금 수급 자격 기준이 너무 엄격합니다,기초연금 수급 자격 기준이 너무 엄격합니다. 담당 공무원의 안내가 부족합니다.,복지,2025-01-28,기초연금 수급 자격 기준이 너무 담당 공무원의 안내가
복지 지원금 신청 절차가 복잡하여 어려움을 겪고 있습니다,복지 지원금 신청 절차가 복잡하여 어려움을 겪고 있습니다. 서류 준비 과정이 너무 복잡합니다.,복지,2025-01-28,복지 지원금 신청 절차가 복잡하여 어려움을 겪고 서류 준비 과정이 너무
가로등이 고장난 지 오래되었습니다,가로등이 고장난 지 오래되었습니다. 사고 예방이 시급합니다.,안전,2025-01-29,가로등이 고장난 사고 예방이
복지 지원금 신청 절차가 복잡하여 어려움을 겪고 있습니다,복지 지원금 신청 절차가 복잡하여 어려움을 겪고 있습니다. 담당 공무원의 안내가 부족합니다.,복지,2025-01-29,복지 지원금 신청 절차가 복잡하여 어려움을 겪고 담당 공무원의 안내가
어린이 보호구역 안전시설을 강화해 주세요,어린이 보호구역 안전시설을 강화해 주세요. 정기적인 점검이 필요합니다.,안전,2025-01-30,어린이 보호구역 안전시설을 강화해 정기적인 점검이
주차 공간 부족 문제를 해결해 주세요,주차 공간 부족 문제를 해결해 주세요. 사고 위험이 높아지고 있습니다.,교통,2025-01-30,주차 공간 부족 문제를 해결해 사고 위험이 높아지고
경남 창원시 지역에 CCTV 설치를 요청합니다,경남 창원시 지역에 CCTV 설치를 요청합니다. 신속한 조치를 요청합니다.,안전,2025-01-30,경남 창원시 지역에 설치를 신속한 조치를
서울 강북구 지역 신호등 체계 개선이 필요합니다,서울 강북구 지역 신호등 체계 개선이 필요합니다. 장기적인 계획 수립을 요청합니다.,교통,2025-02-01,서울 강북구 지역 신호등 체계 개선이 장기적인 계획 수립을
온라인 행정 시스템이 불편합니다,온라인 행정 시스템이 불편합니다. 시민 중심 서비스가 필요합니다.,행정,2025-02-01,온라인 행정 시스템이 시민 중심 서비스가
가로등이 고장난 지 오래되었습니다,가로등이 고장난 지 오래되었습니다. 사고 예방이 시급합니다.,안전,2025-02-02,가로등이 고장난 사고 예방이
서울 강북구 공원 관리가 제대로 되지 않고 있습니다,서울 강북구 공원 관리가 제대로 되지 않고 있습니다. 주민 건강이 위협받고 있습니다.,환경,2025-02-02,서울 강북구 공원 관리가 제대로 되지 않고 주민 건강이 위협받고
재난 대응 시스템 개선이 필요합니다,재난 대응 시스템 개선이 필요합니다. 사고 예방이 시급합니다.,안전,2025-02-02,재난 대응 시스템 개선이 사고 예방이
재활용 분리수거 시스템 개선이 필요합니다,재활용 분리수거 시스템 개선이 필요합니다. 시민 참여 방안을 마련해 주세요.,환경,2025-02-03,재활용 분리수거 시스템 개선이 시민 참여 방안을 마련해
온라인 행정 시스템이 불편합니다,온라인 행정 시스템이 불편합니다. 접근성을 개선해 주세요.,행정,2025-02-03,온라인 행정 시스템이 접근성을 개선해
인천 연수구 도로 포장 상태가 매우 불량합니다,인천 연수구 도로 포장 상태가 매우 불량합니다. 장기적인 계획 수립을 요청합니다.,교통,2025-02-04,인천 연수구 도로 포장 상태가 매우 장기적인 계획 수립을
공무원 응대 서비스 개선이 필요합니다,공무원 응대 서비스 개선이 필요합니다. 디지털 전환이 시급합니다.,행정,2025-02-04,공무원 응대 서비스 개선이 디지털 전환이
서류 발급 절차를 간소화해 주세요,서류 발급 절차를 간소화해 주세요. 디지털 전환이 시급합니다.,행정,2025-02-04,서류 발급 절차를 간소화해 디지털 전환이
어린이 보호구역 안전시설을 강화해 주세요,어린이 보호구역 안전시설을 강화해 주세요. 신속한 조치를 요청합니다.,안전,2025-02-04,어린이 보호구역 안전시설을 강화해 신속한 조치를
충북 청주시 지역 신호등 체계 개선이 필요합니다,충북 청주시 지역 신호등 체계 개선이 필요합니다. 경제적 손실이 발생하고 있습니다.,교통,2025-02-05,충북 청주시 지역 신호등 체계 개선이 경제적 손실이 발생하고
울산 남구 지역 미세먼지 대책을 강화해 주세요,울산 남구 지역 미세먼지 대책을 강화해 주세요. 주민 건강이 위협받고 있습니다.,환경,2025-02-05,울산 남구 지역 미세먼지 대책을 강화해 주민 건강이 위협받고
광주 서구 도로 포장 상태가 매우 불량합니다,광주 서구 도로 포장 상태가 매우 불량합니다. 긴급한 대책 마련이 필요합니다.,교통,2025-02-05,광주 서구 도로 포장 상태가 매우 긴급한 대책 마련이
공공시설 안전 점검을 철저히 해주세요,공공시설 안전 점검을 철저히 해주세요. 신속한 조치를 요청합니다.,안전,2025-02-06,공공시설 안전 점검을 철저히 신속한 조치를
노인 복지 서비스 확대가 필요합니다,노인 복지 서비스 확대가 필요합니다. 소득 기준을 현실화해야 합니다.,복지,2025-02-06,노인 복지 서비스 확대가 소득 기준을 현실화해야
경기 성남시 지역 미세먼지 대책을 강화해 주세요,경기 성남시 지역 미세먼지 대책을 강화해 주세요. 체계적인 관리가 필요합니다.,환경,2025-02-06,경기 성남시 지역 미세먼지 대책을 강화해 체계적인 관리가
도시 녹지 공간을 확대해 주세요,도시 녹지 공간을 확대해 주세요. 생활 환경이 악화되고 있습니다.,환경,2025-02-07,도시 녹지 공간을 확대해 생활 환경이 악화되고
보육료 지원이 실제 필요한 가정에 제대로 전달되지 않습니다,보육료 지원이 실제 필요한 가정에 제대로 전달되지 않습니다. 서류 준비 과정이 너무 복잡합니다.,복지,2025-02-07,보육료 지원이 실제 필요한 가정에 제대로 전달되지 서류 준비 과정이 너무
복지 지원금 신청 절차가 복잡하여 어려움을 겪고 있습니다,복지 지원금 신청 절차가 복잡하여 어려움을 겪고 있습니다. 담당 공무원의 안내가 부족합니다.,복지,2025-02-07,복지 지원금 신청 절차가 복잡하여 어려움을 겪고 담당 공무원의 안내가
공공시설 안전 점검을 철저히 해주세요,공공시설 안전 점검을 철저히 해주세요. 신속한 조치를 요청합니다.,안전,2025-02-07,공공시설 안전 점검을 철저히 신속한 조치를
재난 대응 시스템 개선이 필요합니다,재난 대응 시스템 개선이 필요합니다. 신속한 조치를 요청합니다.,안전,2025-02-08,재난 대응 시스템 개선이 신속한 조치를
대중교통 환승 시스템 개선이 필요합니다,대중교통 환승 시스템 개선이 필요합니다. 사고 위험이 높아지고 있습니다.,교통,2025-02-09,대중교통 환승 시스템 개선이 사고 위험이 높아지고
복지 지원금 신청 절차가 복잡하여 어려움을 겪고 있습니다,복지 지원금 신청 절차가 복잡하여 어려움을 겪고 있습니다. 담당 공무원의 안내가 부족합니다.,복지,2025-02-10,복지 지원금 신청 절차가 복잡하여 어려움을 겪고 담당 공무원의 안내가
공공시설 안전 점검을 철저히 해주세요,공공시설 안전 점검을 철저히 해주세요. 정기적인 점검이 필요합니다.,안전,2025-02-12,공공시설 안전 점검을 철저히 정기적인 점검이
재난 대응 시스템 개선이 필요합니다,재난 대응 시스템 개선이 필요합니다. 신속한 조치를 요청합니다.,안전,2025-02-12,재난 대응 시스템 개선이 신속한 조치를
대중교통 환승 시스템 개선이 필요합니다,대중교통 환승 시스템 개선이 필요합니다. 긴급한 대책 마련이 필요합니다.,교통,2025-02-12,대중교통 환승 시스템 개선이 긴급한 대책 마련이
인천 연수구 도로 포장 상태가 매우 불량합니다,인천 연수구 도로 포장 상태가 매우 불량합니다. 시민들의 불편이 가중되고 있습니다.,교통,2025-02-12,인천 연수구 도로 포장 상태가 매우 시민들의 불편이 가중되고
서류 발급 절차를 간소화해 주세요,서류 발급 절차를 간소화해 주세요. 시민 중심 서비스가 필요합니다.,행정,2025-02-12,서류 발급 절차를 간소화해 시민 중심 서비스가
출퇴근 시간 부산 해운대구 버스 배차 간격이 너무 깁니다,출퇴근 시간 부산 해운대구 버스 배차 간격이 너무 깁니다. 사고 위험이 높아지고 있습니다.,교통,2025-02-12,출퇴근 시간 부산 해운대구 버스 배차 간격이 너무 사고 위험이 높아지고
충북 청주시 도로 포장 상태가 매우 불량합니다,충북 청주시 도로 포장 상태가 매우 불량합니다. 시민들의 불편이 가중되고 있습니다.,교통,2025-02-12,충북 청주시 도로 포장 상태가 매우 시민들의 불편이 가중되고
생활 소음 규제를 강화해야 합니다,생활 소음 규제를 강화해야 합니다. 예산 확대가 시급합니다.,환경,2025-02-13,생활 소음 규제를 강화해야 예산 확대가
온라인 행정 시스템이 불편합니다,온라인 행정 시스템이 불편합니다. 투명성을 강화해야 합니다.,행정,2025-02-13,온라인 행정 시스템이 투명성을 강화해야
공공시설 안전 점검을 철저히 해주세요,공공시설 안전 점검을 철저히 해주세요. 신속한 조치를 요청합니다.,안전,2025-02-13,공공시설 안전 점검을 철저히 신속한 조치를
경기 수원시 지역 미세먼지 대책을 강화해 주세요,경기 수원시 지역 미세먼지 대책을 강화해 주세요. 예산 확대가 시급합니다.,환경,2025-02-13,경기 수원시 지역 미세먼지 대책을 강화해 예산 확대가
주차 공간 부족 문제를 해결해 주세요,주차 공간 부족 문제를 해결해 주세요. 시민들의 불편이 가중되고 있습니다.,교통,2025-02-13,주차 공간 부족 문제를 해결해 시민들의 불편이 가중되고
출퇴근 시간 경남 창원시 버스 배차 간격이 너무 깁니다,출퇴근 시간 경남 창원시 버스 배차 간격이 너무 깁니다. 장기적인 계획 수립을 요청합니다.,교통,2025-02-14,출퇴근 시간 경남 창원시 버스 배차 간격이 너무 장기적인 계획 수립을
의료비 지원 대상자 선정 기준을 완화해 주세요,의료비 지원 대상자 선정 기준을 완화해 주세요. 서류 준비 과정이 너무 복잡합니다.,복지,2025-02-15,의료비 지원 대상자 선정 기준을 완화해 서류 준비 과정이 너무
민원 처리 속도가 너무 느립니다,민원 처리 속도가 너무 느립니다. 업무 효율성을 높여야 합니다.,행정,2025-02-17,민원 처리 속도가 너무 업무 효율성을 높여야
의료비 지원 대상자 선정 기준을 완화해 주세요,의료비 지원 대상자 선정 기준을 완화해 주세요. 담당 공무원의 안내가 부족합니다.,복지,2025-02-17,의료비 지원 대상자 선정 기준을 완화해 담당 공무원의 안내가
울산 남구 공원 관리가 제대로 되지 않고 있습니다,울산 남구 공원 관리가 제대로 되지 않고 있습니다. 예산 확대가 시급합니다.,환경,2025-02-18,울산 남구 공원 관리가 제대로 되지 않고 예산 확대가
공공시설 안전 점검을 철저히 해주세요,공공시설 안전 점검을 철저히 해주세요. 정기적인 점검이 필요합니다.,안전,2025-02-18,공공시설 안전 점검을 철저히 정기적인 점검이
주차 공간 부족 문제를 해결해 주세요,주차 공간 부족 문제를 해결해 주세요. 장기적인 계획 수립을 요청합니다.,교통,2025-02-18,주차 공간 부족 문제를 해결해 장기적인 계획 수립을
전남 여수시 공원 관리가 제대로 되지 않고 있습니다,전남 여수시 공원 관리가 제대로 되지 않고 있습니다. 시민 참여 방안을 마련해 주세요.,환경,2025-02-19,전남 여수시 공원 관리가 제대로 되지 않고 시민 참여 방안을 마련해
공무원 응대 서비스 개선이 필요합니다,공무원 응대 서비스 개선이 필요합니다. 시민 중심 서비스가 필요합니다.,행정,2025-02-19,공무원 응대 서비스 개선이 시민 중심 서비스가
가로등이 고장난 지 오래되었습니다,가로등이 고장난 지 오래되었습니다. 정기적인 점검이 필요합니다.,안전,2025-02-20,가로등이 고장난 정기적인 점검이
생활 소음 규제를 강화해야 합니다,생활 소음 규제를 강화해야 합니다. 생활 환경이 악화되고 있습니다.,환경,2025-02-20,생활 소음 규제를 강화해야 생활 환경이 악화되고
행정 정보 공개를 확대해 주세요,행정 정보 공개를 확대해 주세요. 투명성을 강화해야 합니다.,행정,2025-02-20,행정 정보 공개를 확대해 투명성을 강화해야
재난 대응 시스템 개선이 필요합니다,재난 대응 시스템 개선이 필요합니다. 정기적인 점검이 필요합니다.,안전,2025-02-20,재난 대응 시스템 개선이 정기적인 점검이
기초연금 수급 자격 기준이 너무 엄격합니다,기초연금 수급 자격 기준이 너무 엄격합니다. 온라인 신청 시스템 개선이 시급합니다.,복지,2025-02-20,기초연금 수급 자격 기준이 너무 온라인 신청 시스템 개선이
공무원 응대 서비스 개선이 필요합니다,공무원 응대 서비스 개선이 필요합니다. 디지털 전환이 시급합니다.,행정,2025-02-20,공무원 응대 서비스 개선이 디지털 전환이
기초연금 수급 자격 기준이 너무 엄격합니다,기초연금 수급 자격 기준이 너무 엄격합니다. 온라인 신청 시스템 개선이 시급합니다.,복지,2025-02-20,기초연금 수급 자격 기준이 너무 온라인 신청 시스템 개선이
공무원 응대 서비스 개선이 필요합니다,공무원 응대 서비스 개선이 필요합니다. 시민 중심 서비스가 필요합니다.,행정,2025-02-22,공무원 응대 서비스 개선이 시민 중심 서비스가
기초연금 수급 자격 기준이 너무 엄격합니다,기초연금 수급 자격 기준이 너무 엄격합니다. 소득 기준을 현실화해야 합니다.,복지,2025-02-23,기초연금 수급 자격 기준이 너무 소득 기준을 현실화해야
어린이 보호구역 안전시설을 강화해 주세요,어린이 보호구역 안전시설을 강화해 주세요. 주민 불안감이 증가하고 있습니다.,안전,2025-02-23,어린이 보호구역 안전시설을 강화해 주민 불안감이 증가하고
서류 발급 절차를 간소화해 주세요,서류 발급 절차를 간소화해 주세요. 시민 중심 서비스가 필요합니다.,행정,2025-02-24,서류 발급 절차를 간소화해 시민 중심 서비스가
경기 용인시 지역 미세먼지 대책을 강화해 주세요,경기 용인시 지역 미세먼지 대책을 강화해 주세요. 생활 환경이 악화되고 있습니다.,환경,2025-02-25,경기 용인시 지역 미세먼지 대책을 강화해 생활 환경이 악화되고
공무원 응대 서비스 개선이 필요합니다,공무원 응대 서비스 개선이 필요합니다. 디지털 전환이 시급합니다.,행정,2025-02-25,공무원 응대 서비스 개선이 디지털 전환이
도시 녹지 공간을 확대해 주세요,도시 녹지 공간을 확대해 주세요. 예산 확대가 시급합니다.,환경,2025-02-26,도시 녹지 공간을 확대해 예산 확대가
민원 처리 속도가 너무 느립니다,민원 처리 속도가 너무 느립니다. 접근성을 개선해 주세요.,행정,2025-02-27,민원 처리 속도가 너무 접근성을 개선해
가로등이 고장난 지 오래되었습니다,가로등이 고장난 지 오래되었습니다. 사고 예방이 시급합니다.,안전,2025-02-27,가로등이 고장난 사고 예방이
대중교통 환승 시스템 개선이 필요합니다,대중교통 환승 시스템 개선이 필요합니다. 장기적인 계획 수립을 요청합니다.,교통,2025-02-27,대중교통 환승 시스템 개선이 장기적인 계획 수립을
민원 처리 속도가 너무 느립니다,민원 처리 속도가 너무 느립니다. 업무 효율성을 높여야 합니다.,행정,2025-02-27,민원 처리 속도가 너무 업무 효율성을 높여야
민원 처리 속도가 너무 느립니다,민원 처리 속도가 너무 느립니다. 투명성을 강화해야 합니다.,행정,2025-02-28,민원 처리 속도가 너무 투명성을 강화해야
기초연금 수급 자격 기준이 너무 엄격합니다,기초연금 수급 자격 기준이 너무 엄격합니다. 지역별 격차가 심각합니다.,복지,2025-02-28,기초연금 수급 자격 기준이 너무 지역별 격차가
노인 복지 서비스 확대가 필요합니다,노인 복지 서비스 확대가 필요합니다. 소득 기준을 현실화해야 합니다.,복지,2025-03-01,노인 복지 서비스 확대가 소득 기준을 현실화해야
보육료 지원이 실제 필요한 가정에 제대로 전달되지 않습니다,보육료 지원이 실제 필요한 가정에 제대로 전달되지 않습니다. 서류 준비 과정이 너무 복잡합니다.,복지,2025-03-01,보육료 지원이 실제 필요한 가정에 제대로 전달되지 서류 준비 과정이 너무
서울 강남구 지역 신호등 체계 개선이 필요합니다,서울 강남구 지역 신호등 체계 개선이 필요합니다. 긴급한 대책 마련이 필요합니다.,교통,2025-03-01,서울 강남구 지역 신호등 체계 개선이 긴급한 대책 마련이
가로등이 고장난 지 오래되었습니다,가로등이 고장난 지 오래되었습니다. 주민 불안감이 증가하고 있습니다.,안전,2025-03-02,가로등이 고장난 주민 불안감이 증가하고
복지 지원금 신청 절차가 복잡하여 어려움을 겪고 있습니다,복지 지원금 신청 절차가 복잡하여 어려움을 겪고 있습니다. 담당 공무원의 안내가 부족합니다.,복지,2025-03-02,복지 지원금 신청 절차가 복잡하여 어려움을 겪고 담당 공무원의 안내가
온라인 행정 시스템이 불편합니다,온라인 행정 시스템이 불편합니다. 디지털 전환이 시급합니다.,행정,2025-03-02,온라인 행정 시스템이 디지털 전환이
부산 해운대구 공원 관리가 제대로 되지 않고 있습니다,부산 해운대구 공원 관리가 제대로 되지 않고 있습니다. 시민 참여 방안을 마련해 주세요.,환경,2025-03-03,부산 해운대구 공원 관리가 제대로 되지 않고 시민 참여 방안을 마련해
어린이 보호구역 안전시설을 강화해 주세요,어린이 보호구역 안전시설을 강화해 주세요. 신속한 조치를 요청합니다.,안전,2025-03-04,어린이 보호구역 안전시설을 강화해 신속한 조치를
어린이 보호구역 안전시설을 강화해 주세요,어린이 보호구역 안전시설을 강화해 주세요. 신속한 조치를 요청합니다.,안전,2025-03-04,어린이 보호구역 안전시설을 강화해 신속한 조치를
보육료 지원이 실제 필요한 가정에 제대로 전달되지 않습니다,보육료 지원이 실제 필요한 가정에 제대로 전달되지 않습니다. 소득 기준을 현실화해야 합니다.,복지,2025-03-05,보육료 지원이 실제 필요한 가정에 제대로 전달되지 소득 기준을 현실화해야
서류 발급 절차를 간소화해 주세요,서류 발급 절차를 간소화해 주세요. 업무 효율성을 높여야 합니다.,행정,2025-03-05,서류 발급 절차를 간소화해 업무 효율성을 높여야
전남 여수시 지역 미세먼지 대책을 강화해 주세요,전남 여수시 지역 미세먼지 대책을 강화해 주세요. 체계적인 관리가 필요합니다.,환경,2025-03-05,전남 여수시 지역 미세먼지 대책을 강화해 체계적인 관리가
재활용 분리수거 시스템 개선이 필요합니다,재활용 분리수거 시스템 개선이 필요합니다. 체계적인 관리가 필요합니다.,환경,2025-03-05,재활용 분리수거 시스템 개선이 체계적인 관리가
행정 정보 공개를 확대해 주세요,행정 정보 공개를 확대해 주세요. 시민 중심 서비스가 필요합니다.,행정,2025-03-06,행정 정보 공개를 확대해 시민 중심 서비스가
복지 지원금 신청 절차가 복잡하여 어려움을 겪고 있습니다,복지 지원금 신청 절차가 복잡하여 어려움을 겪고 있습니다. 온라인 신청 시스템 개선이 시급합니다.,복지,2025-03-06,복지 지원금 신청 절차가 복잡하여 어려움을 겪고 온라인 신청 시스템 개선이
어린이 보호구역 안전시설을 강화해 주세요,어린이 보호구역 안전시설을 강화해 주세요. 정기적인 점검이 필요합니다.,안전,2025-03-06,어린이 보호구역 안전시설을 강화해 정기적인 점검이
대중교통 환승 시스템 개선이 필요합니다,대중교통 환승 시스템 개선이 필요합니다. 시민들의 불편이 가중되고 있습니다.,교통,2025-03-07,대중교통 환승 시스템 개선이 시민들의 불편이 가중되고
생활 소음 규제를 강화해야 합니다,생활 소음 규제를 강화해야 합니다. 예산 확대가 시급합니다.,환경,2025-03-08,생활 소음 규제를 강화해야 예산 확대가
기초연금 수급 자격 기준이 너무 엄격합니다,기초연금 수급 자격 기준이 너무 엄격합니다. 담당 공무원의 안내가 부족합니다.,복지,2025-03-09,기초연금 수급 자격 기준이 너무 담당 공무원의 안내가
온라인 행정 시스템이 불편합니다,온라인 행정 시스템이 불편합니다. 접근성을 개선해 주세요.,행정,2025-03-09,온라인 행정 시스템이 접근성을 개선해
경남 창원시 공원 관리가 제대로 되지 않고 있습니다,경남 창원시 공원 관리가 제대로 되지 않고 있습니다. 주민 건강이 위협받고 있습니다.,환경,2025-03-10,경남 창원시 공원 관리가 제대로 되지 않고 주민 건강이 위협받고
공공시설 안전 점검을 철저히 해주세요,공공시설 안전 점검을 철저히 해주세요. 신속한 조치를 요청합니다.,안전,2025-03-10,공공시설 안전 점검을 철저히 신속한 조치를
행정 정보 공개를 확대해 주세요,행정 정보 공개를 확대해 주세요. 업무 효율성을 높여야 합니다.,행정,2025-03-10,행정 정보 공개를 확대해 업무 효율성을 높여야
의료비 지원 대상자 선정 기준을 완화해 주세요,의료비 지원 대상자 선정 기준을 완화해 주세요. 지역별 격차가 심각합니다.,복지,2025-03-10,의료비 지원 대상자 선정 기준을 완화해 지역별 격차가
노인 복지 서비스 확대가 필요합니다,노인 복지 서비스 확대가 필요합니다. 온라인 신청 시스템 개선이 시급합니다.,복지,2025-03-10,노인 복지 서비스 확대가 온라인 신청 시스템 개선이
서울 강남구 지역에 CCTV 설치를 요청합니다,서울 강남구 지역에 CCTV 설치를 요청합니다. 신속한 조치를 요청합니다.,안전,2025-03-15,서울 강남구 지역에 설치를 신속한 조치를
의료비 지원 대상자 선정 기준을 완화해 주세요,의료비 지원 대상자 선정 기준을 완화해 주세요. 담당 공무원의 안내가 부족합니다.,복지,2025-03-15,의료비 지원 대상자 선정 기준을 완화해 담당 공무원의 안내가
경북 포항시 공원 관리가 제대로 되지 않고 있습니다,경북 포항시 공원 관리가 제대로 되지 않고 있습니다. 예산 확대가 시급합니다.,환경,2025-03-15,경북 포항시 공원 관리가 제대로 되지 않고 예산 확대가
전북 전주시 공원 관리가 제대로 되지 않고 있습니다,전북 전주시 공원 관리가 제대로 되지 않고 있습니다. 예산 확대가 시급합니다.,환경,2025-03-15,전북 전주시 공원 관리가 제대로 되지 않고 예산 확대가
공무원 응대 서비스 개선이 필요합니다,공무원 응대 서비스 개선이 필요합니다. 접근성을 개선해 주세요.,행정,2025-03-16,공무원 응대 서비스 개선이 접근성을 개선해
주차 공간 부족 문제를 해결해 주세요,주차 공간 부족 문제를 해결해 주세요. 장기적인 계획 수립을 요청합니다.,교통,2025-03-16,주차 공간 부족 문제를 해결해 장기적인 계획 수립을
온라인 행정 시스템이 불편합니다,온라인 행정 시스템이 불편합니다. 접근성을 개선해 주세요.,행정,2025-03-16,온라인 행정 시스템이 접근성을 개선해
노인 복지 서비스 확대가 필요합니다,노인 복지 서비스 확대가 필요합니다. 온라인 신청 시스템 개선이 시급합니다.,복지,2025-03-17,노인 복지 서비스 확대가 온라인 신청 시스템 개선이
공무원 응대 서비스 개선이 필요합니다,공무원 응대 서비스 개선이 필요합니다. 업무 효율성을 높여야 합니다.,행정,2025-03-19,공무원 응대 서비스 개선이 업무 효율성을 높여야
서류 발급 절차를 간소화해 주세요,서류 발급 절차를 간소화해 주세요. 투명성을 강화해야 합니다.,행정,2025-03-19,서류 발급 절차를 간소화해 투명성을 강화해야
온라인 행정 시스템이 불편합니다,온라인 행정 시스템이 불편합니다. 투명성을 강화해야 합니다.,행정,2025-03-19,온라인 행정 시스템이 투명성을 강화해야
공무원 응대 서비스 개선이 필요합니다,공무원 응대 서비스 개선이 필요합니다. 투명성을 강화해야 합니다.,행정,2025-03-20,공무원 응대 서비스 개선이 투명성을 강화해야
전남 여수시 지역에 CCTV 설치를 요청합니다,전남 여수시 지역에 CCTV 설치를 요청합니다. 주민 불안감이 증가하고 있습니다.,안전,2025-03-20,전남 여수시 지역에 설치를 주민 불안감이 증가하고
서류 발급 절차를 간소화해 주세요,서류 발급 절차를 간소화해 주세요. 접근성을 개선해 주세요.,행정,2025-03-20,서류 발급 절차를 간소화해 접근성을 개선해
보육료 지원이 실제 필요한 가정에 제대로 전달되지 않습니다,보육료 지원이 실제 필요한 가정에 제대로 전달되지 않습니다. 지역별 격차가 심각합니다.,복지,2025-03-20,보육료 지원이 실제 필요한 가정에 제대로 전달되지 지역별 격차가
도시 녹지 공간을 확대해 주세요,도시 녹지 공간을 확대해 주세요. 시민 참여 방안을 마련해 주세요.,환경,2025-03-20,도시 녹지 공간을 확대해 시민 참여 방안을 마련해
보육료 지원이 실제 필요한 가정에 제대로 전달되지 않습니다,보육료 지원이 실제 필요한 가정에 제대로 전달되지 않습니다. 서류 준비 과정이 너무 복잡합니다.,복지,2025-03-21,보육료 지원이 실제 필요한 가정에 제대로 전달되지 서류 준비 과정이 너무
노인 복지 서비스 확대가 필요합니다,노인 복지 서비스 확대가 필요합니다. 온라인 신청 시스템 개선이 시급합니다.,복지,2025-03-22,노인 복지 서비스 확대가 온라인 신청 시스템 개선이
강원 춘천시 지역 미세먼지 대책을 강화해 주세요,강원 춘천시 지역 미세먼지 대책을 강화해 주세요. 시민 참여 방안을 마련해 주세요.,환경,2025-03-22,강원 춘천시 지역 미세먼지 대책을 강화해 시민 참여 방안을 마련해
온라인 행정 시스템이 불편합니다,온라인 행정 시스템이 불편합니다. 투명성을 강화해야 합니다.,행정,2025-03-22,온라인 행정 시스템이 투명성을 강화해야
민원 처리 속도가 너무 느립니다,민원 처리 속도가 너무 느립니다. 디지털 전환이 시급합니다.,행정,2025-03-23,민원 처리 속도가 너무 디지털 전환이
대구 수성구 지역 미세먼지 대책을 강화해 주세요,대구 수성구 지역 미세먼지 대책을 강화해 주세요. 생활 환경이 악화되고 있습니다.,환경,2025-03-25,대구 수성구 지역 미세먼지 대책을 강화해 생활 환경이 악화되고
출퇴근 시간 경기 수원시 버스 배차 간격이 너무 깁니다,출퇴근 시간 경기 수원시 버스 배차 간격이 너무 깁니다. 시민들의 불편이 가중되고 있습니다.,교통,2025-03-25,출퇴근 시간 경기 수원시 버스 배차 간격이 너무 시민들의 불편이 가중되고
부산 해운대구 지역 신호등 체계 개선이 필요합니다,부산 해운대구 지역 신호등 체계 개선이 필요합니다. 장기적인 계획 수립을 요청합니다.,교통,2025-03-26,부산 해운대구 지역 신호등 체계 개선이 장기적인 계획 수립을
충남 천안시 지역에 CCTV 설치를 요청합니다,충남 천안시 지역에 CCTV 설치를 요청합니다. 예방 대책을 마련해 주세요.,안전,2025-03-26,충남 천안시 지역에 설치를 예방 대책을 마련해
의료비 지원 대상자 선정 기준을 완화해 주세요,의료비 지원 대상자 선정 기준을 완화해 주세요. 서류 준비 과정이 너무 복잡합니다.,복지,2025-03-27,의료비 지원 대상자 선정 기준을 완화해 서류 준비 과정이 너무
행정 정보 공개를 확대해 주세요,행정 정보 공개를 확대해 주세요. 접근성을 개선해 주세요.,행정,2025-03-27,행정 정보 공개를 확대해 접근성을 개선해
주차 공간 부족 문제를 해결해 주세요,주차 공간 부족 문제를 해결해 주세요. 시민들의 불편이 가중되고 있습니다.,교통,2025-03-28,주차 공간 부족 문제를 해결해 시민들의 불편이 가중되고
생활 소음 규제를 강화해야 합니다,생활 소음 규제를 강화해야 합니다. 주민 건강이 위협받고 있습니다.,환경,2025-03-28,생활 소음 규제를 강화해야 주민 건강이 위협받고
울산 남구 도로 포장 상태가 매우 불량합니다,울산 남구 도로 포장 상태가 매우 불량합니다. 장기적인 계획 수립을 요청합니다.,교통,2025-03-30,울산 남구 도로 포장 상태가 매우 장기적인 계획 수립을
공공시설 안전 점검을 철저히 해주세요,공공시설 안전 점검을 철저히 해주세요. 주민 불안감이 증가하고 있습니다.,안전,2025-03-30,공공시설 안전 점검을 철저히 주민 불안감이 증가하고
노인 복지 서비스 확대가 필요합니다,노인 복지 서비스 확대가 필요합니다. 담당 공무원의 안내가 부족합니다.,복지,2025-03-31,노인 복지 서비스 확대가 담당 공무원의 안내가
서울 강남구 지역 미세먼지 대책을 강화해 주세요,서울 강남구 지역 미세먼지 대책을 강화해 주세요. 예산 확대가 시급합니다.,환경,2025-04-01,서울 강남구 지역 미세먼지 대책을 강화해 예산 확대가
전남 여수시 지역에 CCTV 설치를 요청합니다,전남 여수시 지역에 CCTV 설치를 요청합니다. 예방 대책을 마련해 주세요.,안전,2025-04-01,전남 여수시 지역에 설치를 예방 대책을 마련해
민원 처리 속도가 너무 느립니다,민원 처리 속도가 너무 느립니다. 업무 효율성을 높여야 합니다.,행정,2025-04-01,민원 처리 속도가 너무 업무 효율성을 높여야
가로등이 고장난 지 오래되었습니다,가로등이 고장난 지 오래되었습니다. 신속한 조치를 요청합니다.,안전,2025-04-01,가로등이 고장난 신속한 조치를
기초연금 수급 자격 기준이 너무 엄격합니다,기초연금 수급 자격 기준이 너무 엄격합니다. 지역별 격차가 심각합니다.,복지,2025-04-02,기초연금 수급 자격 기준이 너무 지역별 격차가
출퇴근 시간 인천 연수구 버스 배차 간격이 너무 깁니다,출퇴근 시간 인천 연수구 버스 배차 간격이 너무 깁니다. 시민들의 불편이 가중되고 있습니다.,교통,2025-04-03,출퇴근 시간 인천 연수구 버스 배차 간격이 너무 시민들의 불편이 가중되고
인천 연수구 지역에 CCTV 설치를 요청합니다,인천 연수구 지역에 CCTV 설치를 요청합니다. 정기적인 점검이 필요합니다.,안전,2025-04-03,인천 연수구 지역에 설치를 정기적인 점검이
재난 대응 시스템 개선이 필요합니다,재난 대응 시스템 개선이 필요합니다. 예방 대책을 마련해 주세요.,안전,2025-04-03,재난 대응 시스템 개선이 예방 대책을 마련해
주차 공간 부족 문제를 해결해 주세요,주차 공간 부족 문제를 해결해 주세요. 장기적인 계획 수립을 요청합니다.,교통,2025-04-04,주차 공간 부족 문제를 해결해 장기적인 계획 수립을
경북 포항시 지역 미세먼지 대책을 강화해 주세요,경북 포항시 지역 미세먼지 대책을 강화해 주세요. 시민 참여 방안을 마련해 주세요.,환경,2025-04-04,경북 포항시 지역 미세먼지 대책을 강화해 시민 참여 방안을 마련해
가로등이 고장난 지 오래되었습니다,가로등이 고장난 지 오래되었습니다. 사고 예방이 시급합니다.,안전,2025-04-04,가로등이 고장난 사고 예방이
공공시설 안전 점검을 철저히 해주세요,공공시설 안전 점검을 철저히 해주세요. 신속한 조치를 요청합니다.,안전,2025-04-05,공공시설 안전 점검을 철저히 신속한 조치를
서울 강북구 지역 미세먼지 대책을 강화해 주세요,서울 강북구 지역 미세먼지 대책을 강화해 주세요. 체계적인 관리가 필요합니다.,환경,2025-04-05,서울 강북구 지역 미세먼지 대책을 강화해 체계적인 관리가
경북 포항시 지역에 CCTV 설치를 요청합니다,경북 포항시 지역에 CCTV 설치를 요청합니다. 주민 불안감이 증가하고 있습니다.,안전,2025-04-06,경북 포항시 지역에 설치를 주민 불안감이 증가하고
어린이 보호구역 안전시설을 강화해 주세요,어린이 보호구역 안전시설을 강화해 주세요. 정기적인 점검이 필요합니다.,안전,2025-04-07,어린이 보호구역 안전시설을 강화해 정기적인 점검이
온라인 행정 시스템이 불편합니다,온라인 행정 시스템이 불편합니다. 디지털 전환이 시급합니다.,행정,2025-04-07,온라인 행정 시스템이 디지털 전환이
충남 천안시 공원 관리가 제대로 되지 않고 있습니다,충남 천안시 공원 관리가 제대로 되지 않고 있습니다. 생활 환경이 악화되고 있습니다.,환경,2025-04-08,충남 천안시 공원 관리가 제대로 되지 않고 생활 환경이 악화되고
기초연금 수급 자격 기준이 너무 엄격합니다,기초연금 수급 자격 기준이 너무 엄격합니다. 서류 준비 과정이 너무 복잡합니다.,복지,2025-04-09,기초연금 수급 자격 기준이 너무 서류 준비 과정이 너무
주차 공간 부족 문제를 해결해 주세요,주차 공간 부족 문제를 해결해 주세요. 긴급한 대책 마련이 필요합니다.,교통,2025-04-09,주차 공간 부족 문제를 해결해 긴급한 대책 마련이
서류 발급 절차를 간소화해 주세요,서류 발급 절차를 간소화해 주세요. 접근성을 개선해 주세요.,행정,2025-04-09,서류 발급 절차를 간소화해 접근성을 개선해
공무원 응대 서비스 개선이 필요합니다,공무원 응대 서비스 개선이 필요합니다. 시민 중심 서비스가 필요합니다.,행정,2025-04-09,공무원 응대 서비스 개선이 시민 중심 서비스가
복지 지원금 신청 절차가 복잡하여 어려움을 겪고 있습니다,복지 지원금 신청 절차가 복잡하여 어려움을 겪고 있습니다. 지역별 격차가 심각합니다.,복지,2025-04-10,복지 지원금 신청 절차가 복잡하여 어려움을 겪고 지역별 격차가
의료비 지원 대상자 선정 기준을 완화해 주세요,의료비 지원 대상자 선정 기준을 완화해 주세요. 소득 기준을 현실화해야 합니다.,복지,2025-04-11,의료비 지원 대상자 선정 기준을 완화해 소득 기준을 현실화해야
출퇴근 시간 서울 강북구 버스 배차 간격이 너무 깁니다,출퇴근 시간 서울 강북구 버스 배차 간격이 너무 깁니다. 시민들의 불편이 가중되고 있습니다.,교통,2025-04-11,출퇴근 시간 서울 강북구 버스 배차 간격이 너무 시민들의 불편이 가중되고
부산 해운대구 도로 포장 상태가 매우 불량합니다,부산 해운대구 도로 포장 상태가 매우 불량합니다. 사고 위험이 높아지고 있습니다.,교통,2025-04-11,부산 해운대구 도로 포장 상태가 매우 사고 위험이 높아지고
복지 지원금 신청 절차가 복잡하여 어려움을 겪고 있습니다,복지 지원금 신청 절차가 복잡하여 어려움을 겪고 있습니다. 소득 기준을 현실화해야 합니다.,복지,2025-04-11,복지 지원금 신청 절차가 복잡하여 어려움을 겪고 소득 기준을 현실화해야
재난 대응 시스템 개선이 필요합니다,재난 대응 시스템 개선이 필요합니다. 예방 대책을 마련해 주세요.,안전,2025-04-11,재난 대응 시스템 개선이 예방 대책을 마련해
복지 지원금 신청 절차가 복잡하여 어려움을 겪고 있습니다,복지 지원금 신청 절차가 복잡하여 어려움을 겪고 있습니다. 서류 준비 과정이 너무 복잡합니다.,복지,2025-04-13,복지 지원금 신청 절차가 복잡하여 어려움을 겪고 서류 준비 과정이 너무
복지 지원금 신청 절차가 복잡하여 어려움을 겪고 있습니다,복지 지원금 신청 절차가 복잡하여 어려움을 겪고 있습니다. 담당 공무원의 안내가 부족합니다.,복지,2025-04-13,복지 지원금 신청 절차가 복잡하여 어려움을 겪고 담당 공무원의 안내가
노인 복지 서비스 확대가 필요합니다,노인 복지 서비스 확대가 필요합니다. 서류 준비 과정이 너무 복잡합니다.,복지,2025-04-15,노인 복지 서비스 확대가 서류 준비 과정이 너무
복지 지원금 신청 절차가 복잡하여 어려움을 겪고 있습니다,복지 지원금 신청 절차가 복잡하여 어려움을 겪고 있습니다. 온라인 신청 시스템 개선이 시급합니다.,복지,2025-04-16,복지 지원금 신청 절차가 복잡하여 어려움을 겪고 온라인 신청 시스템 개선이
온라인 행정 시스템이 불편합니다,온라인 행정 시스템이 불편합니다. 접근성을 개선해 주세요.,행정,2025-04-17,온라인 행정 시스템이 접근성을 개선해
재난 대응 시스템 개선이 필요합니다,재난 대응 시스템 개선이 필요합니다. 사고 예방이 시급합니다.,안전,2025-04-17,재난 대응 시스템 개선이 사고 예방이
대중교통 환승 시스템 개선이 필요합니다,대중교통 환승 시스템 개선이 필요합니다. 경제적 손실이 발생하고 있습니다.,교통,2025-04-17,대중교통 환승 시스템 개선이 경제적 손실이 발생하고
재활용 분리수거 시스템 개선이 필요합니다,재활용 분리수거 시스템 개선이 필요합니다. 체계적인 관리가 필요합니다.,환경,2025-04-18,재활용 분리수거 시스템 개선이 체계적인 관리가
경북 포항시 공원 관리가 제대로 되지 않고 있습니다,경북 포항시 공원 관리가 제대로 되지 않고 있습니다. 시민 참여 방안을 마련해 주세요.,환경,2025-04-18,경북 포항시 공원 관리가 제대로 되지 않고 시민 참여 방안을 마련해
의료비 지원 대상자 선정 기준을 완화해 주세요,의료비 지원 대상자 선정 기준을 완화해 주세요. 온라인 신청 시스템 개선이 시급합니다.,복지,2025-04-19,의료비 지원 대상자 선정 기준을 완화해 온라인 신청 시스템 개선이
전남 여수시 도로 포장 상태가 매우 불량합니다,전남 여수시 도로 포장 상태가 매우 불량합니다. 장기적인 계획 수립을 요청합니다.,교통,2025-04-20,전남 여수시 도로 포장 상태가 매우 장기적인 계획 수립을
충북 청주시 공원 관리가 제대로 되지 않고 있습니다,충북 청주시 공원 관리가 제대로 되지 않고 있습니다. 예산 확대가 시급합니다.,환경,2025-04-20,충북 청주시 공원 관리가 제대로 되지 않고 예산 확대가
대중교통 환승 시스템 개선이 필요합니다,대중교통 환승 시스템 개선이 필요합니다. 경제적 손실이 발생하고 있습니다.,교통,2025-04-20,대중교통 환승 시스템 개선이 경제적 손실이 발생하고
재난 대응 시스템 개선이 필요합니다,재난 대응 시스템 개선이 필요합니다. 사고 예방이 시급합니다.,안전,2025-04-20,재난 대응 시스템 개선이 사고 예방이
보육료 지원이 실제 필요한 가정에 제대로 전달되지 않습니다,보육료 지원이 실제 필요한 가정에 제대로 전달되지 않습니다. 소득 기준을 현실화해야 합니다.,복지,2025-04-20,보육료 지원이 실제 필요한 가정에 제대로 전달되지 소득 기준을 현실화해야
행정 정보 공개를 확대해 주세요,행정 정보 공개를 확대해 주세요. 시민 중심 서비스가 필요합니다.,행정,2025-04-21,행정 정보 공개를 확대해 시민 중심 서비스가
어린이 보호구역 안전시설을 강화해 주세요,어린이 보호구역 안전시설을 강화해 주세요. 주민 불안감이 증가하고 있습니다.,안전,2025-04-23,어린이 보호구역 안전시설을 강화해 주민 불안감이 증가하고
가로등이 고장난 지 오래되었습니다,가로등이 고장난 지 오래되었습니다. 신속한 조치를 요청합니다.,안전,2025-04-23,가로등이 고장난 신속한 조치를
의료비 지원 대상자 선정 기준을 완화해 주세요,의료비 지원 대상자 선정 기준을 완화해 주세요. 서류 준비 과정이 너무 복잡합니다.,복지,2025-04-23,의료비 지원 대상자 선정 기준을 완화해 서류 준비 과정이 너무
노인 복지 서비스 확대가 필요합니다,노인 복지 서비스 확대가 필요합니다. 서류 준비 과정이 너무 복잡합니다.,복지,2025-04-23,노인 복지 서비스 확대가 서류 준비 과정이 너무
주차 공간 부족 문제를 해결해 주세요,주차 공간 부족 문제를 해결해 주세요. 경제적 손실이 발생하고 있습니다.,교통,2025-04-24,주차 공간 부족 문제를 해결해 경제적 손실이 발생하고
생활 소음 규제를 강화해야 합니다,생활 소음 규제를 강화해야 합니다. 체계적인 관리가 필요합니다.,환경,2025-04-24,생활 소음 규제를 강화해야 체계적인 관리가
대중교통 환승 시스템 개선이 필요합니다,대중교통 환승 시스템 개선이 필요합니다. 장기적인 계획 수립을 요청합니다.,교통,2025-04-25,대중교통 환승 시스템 개선이 장기적인 계획 수립을
공공시설 안전 점검을 철저히 해주세요,공공시설 안전 점검을 철저히 해주세요. 신속한 조치를 요청합니다.,안전,2025-04-26,공공시설 안전 점검을 철저히 신속한 조치를
도시 녹지 공간을 확대해 주세요,도시 녹지 공간을 확대해 주세요. 체계적인 관리가 필요합니다.,환경,2025-04-26,도시 녹지 공간을 확대해 체계적인 관리가
의료비 지원 대상자 선정 기준을 완화해 주세요,의료비 지원 대상자 선정 기준을 완화해 주세요. 서류 준비 과정이 너무 복잡합니다.,복지,2025-04-27,의료비 지원 대상자 선정 기준을 완화해 서류 준비 과정이 너무
출퇴근 시간 경기 용인시 버스 배차 간격이 너무 깁니다,출퇴근 시간 경기 용인시 버스 배차 간격이 너무 깁니다. 사고 위험이 높아지고 있습니다.,교통,2025-04-27,출퇴근 시간 경기 용인시 버스 배차 간격이 너무 사고 위험이 높아지고
경기 수원시 도로 포장 상태가 매우 불량합니다,경기 수원시 도로 포장 상태가 매우 불량합니다. 장기적인 계획 수립을 요청합니다.,교통,2025-04-29,경기 수원시 도로 포장 상태가 매우 장기적인 계획 수립을
공공시설 안전 점검을 철저히 해주세요,공공시설 안전 점검을 철저히 해주세요. 사고 예방이 시급합니다.,안전,2025-04-29,공공시설 안전 점검을 철저히 사고 예방이
공공시설 안전 점검을 철저히 해주세요,공공시설 안전 점검을 철저히 해주세요. 예방 대책을 마련해 주세요.,안전,2025-04-29,공공시설 안전 점검을 철저히 예방 대책을 마련해
온라인 행정 시스템이 불편합니다,온라인 행정 시스템이 불편합니다. 시민 중심 서비스가 필요합니다.,행정,2025-04-30,온라인 행정 시스템이 시민 중심 서비스가
생활 소음 규제를 강화해야 합니다,생활 소음 규제를 강화해야 합니다. 시민 참여 방안을 마련해 주세요.,환경,2025-04-30,생활 소음 규제를 강화해야 시민 참여 방안을 마련해
온라인 행정 시스템이 불편합니다,온라인 행정 시스템이 불편합니다. 디지털 전환이 시급합니다.,행정,2025-05-01,온라인 행정 시스템이 디지털 전환이
보육료 지원이 실제 필요한 가정에 제대로 전달되지 않습니다,보육료 지원이 실제 필요한 가정에 제대로 전달되지 않습니다. 담당 공무원의 안내가 부족합니다.,복지,2025-05-02,보육료 지원이 실제 필요한 가정에 제대로 전달되지 담당 공무원의 안내가
주차 공간 부족 문제를 해결해 주세요,주차 공간 부족 문제를 해결해 주세요. 긴급한 대책 마련이 필요합니다.,교통,2025-05-02,주차 공간 부족 문제를 해결해 긴급한 대책 마련이
대중교통 환승 시스템 개선이 필요합니다,대중교통 환승 시스템 개선이 필요합니다. 시민들의 불편이 가중되고 있습니다.,교통,2025-05-02,대중교통 환승 시스템 개선이 시민들의 불편이 가중되고
재난 대응 시스템 개선이 필요합니다,재난 대응 시스템 개선이 필요합니다. 정기적인 점검이 필요합니다.,안전,2025-05-03,재난 대응 시스템 개선이 정기적인 점검이
부산 해운대구 지역에 CCTV 설치를 요청합니다,부산 해운대구 지역에 CCTV 설치를 요청합니다. 예방 대책을 마련해 주세요.,안전,2025-05-03,부산 해운대구 지역에 설치를 예방 대책을 마련해
보육료 지원이 실제 필요한 가정에 제대로 전달되지 않습니다,보육료 지원이 실제 필요한 가정에 제대로 전달되지 않습니다. 담당 공무원의 안내가 부족합니다.,복지,2025-05-03,보육료 지원이 실제 필요한 가정에 제대로 전달되지 담당 공무원의 안내가
도시 녹지 공간을 확대해 주세요,도시 녹지 공간을 확대해 주세요. 체계적인 관리가 필요합니다.,환경,2025-05-03,도시 녹지 공간을 확대해 체계적인 관리가
기초연금 수급 자격 기준이 너무 엄격합니다,기초연금 수급 자격 기준이 너무 엄격합니다. 온라인 신청 시스템 개선이 시급합니다.,복지,2025-05-04,기초연금 수급 자격 기준이 너무 온라인 신청 시스템 개선이
공무원 응대 서비스 개선이 필요합니다,공무원 응대 서비스 개선이 필요합니다. 접근성을 개선해 주세요.,행정,2025-05-06,공무원 응대 서비스 개선이 접근성을 개선해
대중교통 환승 시스템 개선이 필요합니다,대중교통 환승 시스템 개선이 필요합니다. 사고 위험이 높아지고 있습니다.,교통,2025-05-06,대중교통 환승 시스템 개선이 사고 위험이 높아지고
행정 정보 공개를 확대해 주세요,행정 정보 공개를 확대해 주세요. 디지털 전환이 시급합니다.,행정,2025-05-07,행정 정보 공개를 확대해 디지털 전환이
재난 대응 시스템 개선이 필요합니다,재난 대응 시스템 개선이 필요합니다. 신속한 조치를 요청합니다.,안전,2025-05-07,재난 대응 시스템 개선이 신속한 조치를
출퇴근 시간 강원 춘천시 버스 배차 간격이 너무 깁니다,출퇴근 시간 강원 춘천시 버스 배차 간격이 너무 깁니다. 사고 위험이 높아지고 있습니다.,교통,2025-05-08,출퇴근 시간 강원 춘천시 버스 배차 간격이 너무 사고 위험이 높아지고
광주 서구 지역 미세먼지 대책을 강화해 주세요,광주 서구 지역 미세먼지 대책을 강화해 주세요. 시민 참여 방안을 마련해 주세요.,환경,2025-05-09,광주 서구 지역 미세먼지 대책을 강화해 시민 참여 방안을 마련해
경남 창원시 공원 관리가 제대로 되지 않고 있습니다,경남 창원시 공원 관리가 제대로 되지 않고 있습니다. 예산 확대가 시급합니다.,환경,2025-05-09,경남 창원시 공원 관리가 제대로 되지 않고 예산 확대가
의료비 지원 대상자 선정 기준을 완화해 주세요,의료비 지원 대상자 선정 기준을 완화해 주세요. 온라인 신청 시스템 개선이 시급합니다.,복지,2025-05-09,의료비 지원 대상자 선정 기준을 완화해 온라인 신청 시스템 개선이
재활용 분리수거 시스템 개선이 필요합니다,재활용 분리수거 시스템 개선이 필요합니다. 체계적인 관리가 필요합니다.,환경,2025-05-09,재활용 분리수거 시스템 개선이 체계적인 관리가
주차 공간 부족 문제를 해결해 주세요,주차 공간 부족 문제를 해결해 주세요. 사고 위험이 높아지고 있습니다.,교통,2025-05-10,주차 공간 부족 문제를 해결해 사고 위험이 높아지고
전북 전주시 도로 포장 상태가 매우 불량합니다,전북 전주시 도로 포장 상태가 매우 불량합니다. 경제적 손실이 발생하고 있습니다.,교통,2025-05-10,전북 전주시 도로 포장 상태가 매우 경제적 손실이 발생하고
충남 천안시 공원 관리가 제대로 되지 않고 있습니다,충남 천안시 공원 관리가 제대로 되지 않고 있습니다. 주민 건강이 위협받고 있습니다.,환경,2025-05-11,충남 천안시 공원 관리가 제대로 되지 않고 주민 건강이 위협받고
공공시설 안전 점검을 철저히 해주세요,공공시설 안전 점검을 철저히 해주세요. 신속한 조치를 요청합니다.,안전,2025-05-13,공공시설 안전 점검을 철저히 신속한 조치를
세종시 도로 포장 상태가 매우 불량합니다,세종시 도로 포장 상태가 매우 불량합니다. 시민들의 불편이 가중되고 있습니다.,교통,2025-05-13,세종시 도로 포장 상태가 매우 시민들의 불편이 가중되고
공공시설 안전 점검을 철저히 해주세요,공공시설 안전 점검을 철저히 해주세요. 주민 불안감이 증가하고 있습니다.,안전,2025-05-14,공공시설 안전 점검을 철저히 주민 불안감이 증가하고
가로등이 고장난 지 오래되었습니다,가로등이 고장난 지 오래되었습니다. 정기적인 점검이 필요합니다.,안전,2025-05-14,가로등이 고장난 정기적인 점검이
대중교통 환승 시스템 개선이 필요합니다,대중교통 환승 시스템 개선이 필요합니다. 시민들의 불편이 가중되고 있습니다.,교통,2025-05-15,대중교통 환승 시스템 개선이 시민들의 불편이 가중되고
서류 발급 절차를 간소화해 주세요,서류 발급 절차를 간소화해 주세요. 접근성을 개선해 주세요.,행정,2025-05-15,서류 발급 절차를 간소화해 접근성을 개선해
복지 지원금 신청 절차가 복잡하여 어려움을 겪고 있습니다,복지 지원금 신청 절차가 복잡하여 어려움을 겪고 있습니다. 담당 공무원의 안내가 부족합니다.,복지,2025-05-16,복지 지원금 신청 절차가 복잡하여 어려움을 겪고 담당 공무원의 안내가
의료비 지원 대상자 선정 기준을 완화해 주세요,의료비 지원 대상자 선정 기준을 완화해 주세요. 담당 공무원의 안내가 부족합니다.,복지,2025-05-16,의료비 지원 대상자 선정 기준을 완화해 담당 공무원의 안내가
서류 발급 절차를 간소화해 주세요,서류 발급 절차를 간소화해 주세요. 디지털 전환이 시급합니다.,행정,2025-05-16,서류 발급 절차를 간소화해 디지털 전환이
도시 녹지 공간을 확대해 주세요,도시 녹지 공간을 확대해 주세요. 예산 확대가 시급합니다.,환경,2025-05-17,도시 녹지 공간을 확대해 예산 확대가
복지 지원금 신청 절차가 복잡하여 어려움을 겪고 있습니다,복지 지원금 신청 절차가 복잡하여 어려움을 겪고 있습니다. 온라인 신청 시스템 개선이 시급합니다.,복지,2025-05-17,복지 지원금 신청 절차가 복잡하여 어려움을 겪고 온라인 신청 시스템 개선이
복지 지원금 신청 절차가 복잡하여 어려움을 겪고 있습니다,복지 지원금 신청 절차가 복잡하여 어려움을 겪고 있습니다. 서류 준비 과정이 너무 복잡합니다.,복지,2025-05-18,복지 지원금 신청 절차가 복잡하여 어려움을 겪고 서류 준비 과정이 너무
생활 소음 규제를 강화해야 합니다,생활 소음 규제를 강화해야 합니다. 시민 참여 방안을 마련해 주세요.,환경,2025-05-18,생활 소음 규제를 강화해야 시민 참여 방안을 마련해
서류 발급 절차를 간소화해 주세요,서류 발급 절차를 간소화해 주세요. 업무 효율성을 높여야 합니다.,행정,2025-05-18,서류 발급 절차를 간소화해 업무 효율성을 높여야
보육료 지원이 실제 필요한 가정에 제대로 전달되지 않습니다,보육료 지원이 실제 필요한 가정에 제대로 전달되지 않습니다. 서류 준비 과정이 너무 복잡합니다.,복지,2025-05-18,보육료 지원이 실제 필요한 가정에 제대로 전달되지 서류 준비 과정이 너무
어린이 보호구역 안전시설을 강화해 주세요,어린이 보호구역 안전시설을 강화해 주세요. 예방 대책을 마련해 주세요.,안전,2025-05-19,어린이 보호구역 안전시설을 강화해 예방 대책을 마련해
행정 정보 공개를 확대해 주세요,행정 정보 공개를 확대해 주세요. 접근성을 개선해 주세요.,행정,2025-05-20,행정 정보 공개를 확대해 접근성을 개선해
보육료 지원이 실제 필요한 가정에 제대로 전달되지 않습니다,보육료 지원이 실제 필요한 가정에 제대로 전달되지 않습니다. 온라인 신청 시스템 개선이 시급합니다.,복지,2025-05-21,보육료 지원이 실제 필요한 가정에 제대로 전달되지 온라인 신청 시스템 개선이
대구 수성구 공원 관리가 제대로 되지 않고 있습니다,대구 수성구 공원 관리가 제대로 되지 않고 있습니다. 체계적인 관리가 필요합니다.,환경,2025-05-21,대구 수성구 공원 관리가 제대로 되지 않고 체계적인 관리가
강원 춘천시 지역에 CCTV 설치를 요청합니다,강원 춘천시 지역에 CCTV 설치를 요청합니다. 정기적인 점검이 필요합니다.,안전,2025-05-22,강원 춘천시 지역에 설치를 정기적인 점검이
의료비 지원 대상자 선정 기준을 완화해 주세요,의료비 지원 대상자 선정 기준을 완화해 주세요. 지역별 격차가 심각합니다.,복지,2025-05-23,의료비 지원 대상자 선정 기준을 완화해 지역별 격차가
생활 소음 규제를 강화해야 합니다,생활 소음 규제를 강화해야 합니다. 주민 건강이 위협받고 있습니다.,환경,2025-05-23,생활 소음 규제를 강화해야 주민 건강이 위협받고
대중교통 환승 시스템 개선이 필요합니다,대중교통 환승 시스템 개선이 필요합니다. 긴급한 대책 마련이 필요합니다.,교통,2025-05-23,대중교통 환승 시스템 개선이 긴급한 대책 마련이
의료비 지원 대상자 선정 기준을 완화해 주세요,의료비 지원 대상자 선정 기준을 완화해 주세요. 서류 준비 과정이 너무 복잡합니다.,복지,2025-05-23,의료비 지원 대상자 선정 기준을 완화해 서류 준비 과정이 너무
도시 녹지 공간을 확대해 주세요,도시 녹지 공간을 확대해 주세요. 체계적인 관리가 필요합니다.,환경,2025-05-24,도시 녹지 공간을 확대해 체계적인 관리가
대중교통 환승 시스템 개선이 필요합니다,대중교통 환승 시스템 개선이 필요합니다. 긴급한 대책 마련이 필요합니다.,교통,2025-05-24,대중교통 환승 시스템 개선이 긴급한 대책 마련이
민원 처리 속도가 너무 느립니다,민원 처리 속도가 너무 느립니다. 시민 중심 서비스가 필요합니다.,행정,2025-05-24,민원 처리 속도가 너무 시민 중심 서비스가
복지 지원금 신청 절차가 복잡하여 어려움을 겪고 있습니다,복지 지원금 신청 절차가 복잡하여 어려움을 겪고 있습니다. 지역별 격차가 심각합니다.,복지,2025-05-25,복지 지원금 신청 절차가 복잡하여 어려움을 겪고 지역별 격차가
재활용 분리수거 시스템 개선이 필요합니다,재활용 분리수거 시스템 개선이 필요합니다. 예산 확대가 시급합니다.,환경,2025-05-25,재활용 분리수거 시스템 개선이 예산 확대가
공무원 응대 서비스 개선이 필요합니다,공무원 응대 서비스 개선이 필요합니다. 디지털 전환이 시급합니다.,행정,2025-05-26,공무원 응대 서비스 개선이 디지털 전환이
공무원 응대 서비스 개선이 필요합니다,공무원 응대 서비스 개선이 필요합니다. 업무 효율성을 높여야 합니다.,행정,2025-05-26,공무원 응대 서비스 개선이 업무 효율성을 높여야
노인 복지 서비스 확대가 필요합니다,노인 복지 서비스 확대가 필요합니다. 담당 공무원의 안내가 부족합니다.,복지,2025-05-26,노인 복지 서비스 확대가 담당 공무원의 안내가
서류 발급 절차를 간소화해 주세요,서류 발급 절차를 간소화해 주세요. 시민 중심 서비스가 필요합니다.,행정,2025-05-27,서류 발급 절차를 간소화해 시민 중심 서비스가
재난 대응 시스템 개선이 필요합니다,재난 대응 시스템 개선이 필요합니다. 정기적인 점검이 필요합니다.,안전,2025-05-28,재난 대응 시스템 개선이 정기적인 점검이
도시 녹지 공간을 확대해 주세요,도시 녹지 공간을 확대해 주세요. 시민 참여 방안을 마련해 주세요.,환경,2025-05-28,도시 녹지 공간을 확대해 시민 참여 방안을 마련해
공무원 응대 서비스 개선이 필요합니다,공무원 응대 서비스 개선이 필요합니다. 디지털 전환이 시급합니다.,행정,2025-05-28,공무원 응대 서비스 개선이 디지털 전환이
노인 복지 서비스 확대가 필요합니다,노인 복지 서비스 확대가 필요합니다. 지역별 격차가 심각합니다.,복지,2025-05-29,노인 복지 서비스 확대가 지역별 격차가
대중교통 환승 시스템 개선이 필요합니다,대중교통 환승 시스템 개선이 필요합니다. 장기적인 계획 수립을 요청합니다.,교통,2025-05-29,대중교통 환승 시스템 개선이 장기적인 계획 수립을
의료비 지원 대상자 선정 기준을 완화해 주세요,의료비 지원 대상자 선정 기준을 완화해 주세요. 지역별 격차가 심각합니다.,복지,2025-05-29,의료비 지원 대상자 선정 기준을 완화해 지역별 격차가
의료비 지원 대상자 선정 기준을 완화해 주세요,의료비 지원 대상자 선정 기준을 완화해 주세요. 지역별 격차가 심각합니다.,복지,2025-05-30,의료비 지원 대상자 선정 기준을 완화해 지역별 격차가
노인 복지 서비스 확대가 필요합니다,노인 복지 서비스 확대가 필요합니다. 담당 공무원의 안내가 부족합니다.,복지,2025-05-30,노인 복지 서비스 확대가 담당 공무원의 안내가
충북 청주시 지역에 CCTV 설치를 요청합니다,충북 청주시 지역에 CCTV 설치를 요청합니다. 예방 대책을 마련해 주세요.,안전,2025-05-31,충북 청주시 지역에 설치를 예방 대책을 마련해
가로등이 고장난 지 오래되었습니다,가로등이 고장난 지 오래되었습니다. 주민 불안감이 증가하고 있습니다.,안전,2025-05-31,가로등이 고장난 주민 불안감이 증가하고
대중교통 환승 시스템 개선이 필요합니다,대중교통 환승 시스템 개선이 필요합니다. 사고 위험이 높아지고 있습니다.,교통,2025-05-31,대중교통 환승 시스템 개선이 사고 위험이 높아지고
의료비 지원 대상자 선정 기준을 완화해 주세요,의료비 지원 대상자 선정 기준을 완화해 주세요. 소득 기준을 현실화해야 합니다.,복지,2025-05-31,의료비 지원 대상자 선정 기준을 완화해 소득 기준을 현실화해야
가로등이 고장난 지 오래되었습니다,가로등이 고장난 지 오래되었습니다. 정기적인 점검이 필요합니다.,안전,2025-06-01,가로등이 고장난 정기적인 점검이
도시 녹지 공간을 확대해 주세요,도시 녹지 공간을 확대해 주세요. 생활 환경이 악화되고 있습니다.,환경,2025-06-02,도시 녹지 공간을 확대해 생활 환경이 악화되고
어린이 보호구역 안전시설을 강화해 주세요,어린이 보호구역 안전시설을 강화해 주세요. 예방 대책을 마련해 주세요.,안전,2025-06-03,어린이 보호구역 안전시설을 강화해 예방 대책을 마련해
경기 용인시 지역 신호등 체계 개선이 필요합니다,경기 용인시 지역 신호등 체계 개선이 필요합니다. 긴급한 대책 마련이 필요합니다.,교통,2025-06-03,경기 용인시 지역 신호등 체계 개선이 긴급한 대책 마련이
서류 발급 절차를 간소화해 주세요,서류 발급 절차를 간소화해 주세요. 시민 중심 서비스가 필요합니다.,행정,2025-06-04,서류 발급 절차를 간소화해 시민 중심 서비스가
출퇴근 시간 충북 청주시 버스 배차 간격이 너무 깁니다,출퇴근 시간 충북 청주시 버스 배차 간격이 너무 깁니다. 장기적인 계획 수립을 요청합니다.,교통,2025-06-04,출퇴근 시간 충북 청주시 버스 배차 간격이 너무 장기적인 계획 수립을
가로등이 고장난 지 오래되었습니다,가로등이 고장난 지 오래되었습니다. 신속한 조치를 요청합니다.,안전,2025-06-04,가로등이 고장난 신속한 조치를
서류 발급 절차를 간소화해 주세요,서류 발급 절차를 간소화해 주세요. 접근성을 개선해 주세요.,행정,2025-06-05,서류 발급 절차를 간소화해 접근성을 개선해
재난 대응 시스템 개선이 필요합니다,재난 대응 시스템 개선이 필요합니다. 신속한 조치를 요청합니다.,안전,2025-06-06,재난 대응 시스템 개선이 신속한 조치를
복지 지원금 신청 절차가 복잡하여 어려움을 겪고 있습니다,복지 지원금 신청 절차가 복잡하여 어려움을 겪고 있습니다. 지역별 격차가 심각합니다.,복지,2025-06-06,복지 지원금 신청 절차가 복잡하여 어려움을 겪고 지역별 격차가
의료비 지원 대상자 선정 기준을 완화해 주세요,의료비 지원 대상자 선정 기준을 완화해 주세요. 지역별 격차가 심각합니다.,복지,2025-06-07,의료비 지원 대상자 선정 기준을 완화해 지역별 격차가
어린이 보호구역 안전시설을 강화해 주세요,어린이 보호구역 안전시설을 강화해 주세요. 정기적인 점검이 필요합니다.,안전,2025-06-07,어린이 보호구역 안전시설을 강화해 정기적인 점검이
가로등이 고장난 지 오래되었습니다,가로등이 고장난 지 오래되었습니다. 사고 예방이 시급합니다.,안전,2025-06-08,가로등이 고장난 사고 예방이
생활 소음 규제를 강화해야 합니다,생활 소음 규제를 강화해야 합니다. 생활 환경이 악화되고 있습니다.,환경,2025-06-08,생활 소음 규제를 강화해야 생활 환경이 악화되고
공무원 응대 서비스 개선이 필요합니다,공무원 응대 서비스 개선이 필요합니다. 접근성을 개선해 주세요.,행정,2025-06-09,공무원 응대 서비스 개선이 접근성을 개선해
의료비 지원 대상자 선정 기준을 완화해 주세요,의료비 지원 대상자 선정 기준을 완화해 주세요. 소득 기준을 현실화해야 합니다.,복지,2025-06-10,의료비 지원 대상자 선정 기준을 완화해 소득 기준을 현실화해야
가로등이 고장난 지 오래되었습니다,가로등이 고장난 지 오래되었습니다. 주민 불안감이 증가하고 있습니다.,안전,2025-06-11,가로등이 고장난 주민 불안감이 증가하고
온라인 행정 시스템이 불편합니다,온라인 행정 시스템이 불편합니다. 투명성을 강화해야 합니다.,행정,2025-06-11,온라인 행정 시스템이 투명성을 강화해야
노인 복지 서비스 확대가 필요합니다,노인 복지 서비스 확대가 필요합니다. 소득 기준을 현실화해야 합니다.,복지,2025-06-11,노인 복지 서비스 확대가 소득 기준을 현실화해야
의료비 지원 대상자 선정 기준을 완화해 주세요,의료비 지원 대상자 선정 기준을 완화해 주세요. 지역별 격차가 심각합니다.,복지,2025-06-11,의료비 지원 대상자 선정 기준을 완화해 지역별 격차가
서류 발급 절차를 간소화해 주세요,서류 발급 절차를 간소화해 주세요. 디지털 전환이 시급합니다.,행정,2025-06-11,서류 발급 절차를 간소화해 디지털 전환이
대구 수성구 도로 포장 상태가 매우 불량합니다,대구 수성구 도로 포장 상태가 매우 불량합니다. 경제적 손실이 발생하고 있습니다.,교통,2025-06-12,대구 수성구 도로 포장 상태가 매우 경제적 손실이 발생하고
도시 녹지 공간을 확대해 주세요,도시 녹지 공간을 확대해 주세요. 시민 참여 방안을 마련해 주세요.,환경,2025-06-13,도시 녹지 공간을 확대해 시민 참여 방안을 마련해
공공시설 안전 점검을 철저히 해주세요,공공시설 안전 점검을 철저히 해주세요. 주민 불안감이 증가하고 있습니다.,안전,2025-06-13,공공시설 안전 점검을 철저히 주민 불안감이 증가하고
민원 처리 속도가 너무 느립니다,민원 처리 속도가 너무 느립니다. 디지털 전환이 시급합니다.,행정,2025-06-14,민원 처리 속도가 너무 디지털 전환이
재난 대응 시스템 개선이 필요합니다,재난 대응 시스템 개선이 필요합니다. 사고 예방이 시급합니다.,안전,2025-06-14,재난 대응 시스템 개선이 사고 예방이
출퇴근 시간 전북 전주시 버스 배차 간격이 너무 깁니다,출퇴근 시간 전북 전주시 버스 배차 간격이 너무 깁니다. 장기적인 계획 수립을 요청합니다.,교통,2025-06-16,출퇴근 시간 전북 전주시 버스 배차 간격이 너무 장기적인 계획 수립을
충북 청주시 지역 신호등 체계 개선이 필요합니다,충북 청주시 지역 신호등 체계 개선이 필요합니다. 시민들의 불편이 가중되고 있습니다.,교통,2025-06-16,충북 청주시 지역 신호등 체계 개선이 시민들의 불편이 가중되고
공무원 응대 서비스 개선이 필요합니다,공무원 응대 서비스 개선이 필요합니다. 시민 중심 서비스가 필요합니다.,행정,2025-06-16,공무원 응대 서비스 개선이 시민 중심 서비스가
노인 복지 서비스 확대가 필요합니다,노인 복지 서비스 확대가 필요합니다. 소득 기준을 현실화해야 합니다.,복지,2025-06-16,노인 복지 서비스 확대가 소득 기준을 현실화해야
행정 정보 공개를 확대해 주세요,행정 정보 공개를 확대해 주세요. 업무 효율성을 높여야 합니다.,행정,2025-06-17,행정 정보 공개를 확대해 업무 효율성을 높여야
재활용 분리수거 시스템 개선이 필요합니다,재활용 분리수거 시스템 개선이 필요합니다. 체계적인 관리가 필요합니다.,환경,2025-06-17,재활용 분리수거 시스템 개선이 체계적인 관리가
생활 소음 규제를 강화해야 합니다,생활 소음 규제를 강화해야 합니다. 생활 환경이 악화되고 있습니다.,환경,2025-06-20,생활 소음 규제를 강화해야 생활 환경이 악화되고
민원 처리 속도가 너무 느립니다,민원 처리 속도가 너무 느립니다. 접근성을 개선해 주세요.,행정,2025-06-20,민원 처리 속도가 너무 접근성을 개선해
서울 강북구 공원 관리가 제대로 되지 않고 있습니다,서울 강북구 공원 관리가 제대로 되지 않고 있습니다. 체계적인 관리가 필요합니다.,환경,2025-06-20,서울 강북구 공원 관리가 제대로 되지 않고 체계적인 관리가
재활용 분리수거 시스템 개선이 필요합니다,재활용 분리수거 시스템 개선이 필요합니다. 예산 확대가 시급합니다.,환경,2025-06-21,재활용 분리수거 시스템 개선이 예산 확대가
공공시설 안전 점검을 철저히 해주세요,공공시설 안전 점검을 철저히 해주세요. 정기적인 점검이 필요합니다.,안전,2025-06-21,공공시설 안전 점검을 철저히 정기적인 점검이
재난 대응 시스템 개선이 필요합니다,재난 대응 시스템 개선이 필요합니다. 사고 예방이 시급합니다.,안전,2025-06-21,재난 대응 시스템 개선이 사고 예방이
기초연금 수급 자격 기준이 너무 엄격합니다,기초연금 수급 자격 기준이 너무 엄격합니다. 담당 공무원의 안내가 부족합니다.,복지,2025-06-21,기초연금 수급 자격 기준이 너무 담당 공무원의 안내가
생활 소음 규제를 강화해야 합니다,생활 소음 규제를 강화해야 합니다. 주민 건강이 위협받고 있습니다.,환경,2025-06-21,생활 소음 규제를 강화해야 주민 건강이 위협받고
공무원 응대 서비스 개선이 필요합니다,공무원 응대 서비스 개선이 필요합니다. 투명성을 강화해야 합니다.,행정,2025-06-22,공무원 응대 서비스 개선이 투명성을 강화해야
온라인 행정 시스템이 불편합니다,온라인 행정 시스템이 불편합니다. 업무 효율성을 높여야 합니다.,행정,2025-06-22,온라인 행정 시스템이 업무 효율성을 높여야
공공시설 안전 점검을 철저히 해주세요,공공시설 안전 점검을 철저히 해주세요. 정기적인 점검이 필요합니다.,안전,2025-06-22,공공시설 안전 점검을 철저히 정기적인 점검이
재활용 분리수거 시스템 개선이 필요합니다,재활용 분리수거 시스템 개선이 필요합니다. 시민 참여 방안을 마련해 주세요.,환경,2025-06-22,재활용 분리수거 시스템 개선이 시민 참여 방안을 마련해
충남 천안시 공원 관리가 제대로 되지 않고 있습니다,충남 천안시 공원 관리가 제대로 되지 않고 있습니다. 예산 확대가 시급합니다.,환경,2025-06-24,충남 천안시 공원 관리가 제대로 되지 않고 예산 확대가
민원 처리 속도가 너무 느립니다,민원 처리 속도가 너무 느립니다. 투명성을 강화해야 합니다.,행정,2025-06-24,민원 처리 속도가 너무 투명성을 강화해야
충남 천안시 지역 신호등 체계 개선이 필요합니다,충남 천안시 지역 신호등 체계 개선이 필요합니다. 경제적 손실이 발생하고 있습니다.,교통,2025-06-24,충남 천안시 지역 신호등 체계 개선이 경제적 손실이 발생하고
행정 정보 공개를 확대해 주세요,행정 정보 공개를 확대해 주세요. 시민 중심 서비스가 필요합니다.,행정,2025-06-25,행정 정보 공개를 확대해 시민 중심 서비스가
기초연금 수급 자격 기준이 너무 엄격합니다,기초연금 수급 자격 기준이 너무 엄격합니다. 지역별 격차가 심각합니다.,복지,2025-06-25,기초연금 수급 자격 기준이 너무 지역별 격차가
제주시 지역 신호등 체계 개선이 필요합니다,제주시 지역 신호등 체계 개선이 필요합니다. 긴급한 대책 마련이 필요합니다.,교통,2025-06-26,제주시 지역 신호등 체계 개선이 긴급한 대책 마련이
복지 지원금 신청 절차가 복잡하여 어려움을 겪고 있습니다,복지 지원금 신청 절차가 복잡하여 어려움을 겪고 있습니다. 서류 준비 과정이 너무 복잡합니다.,복지,2025-06-27,복지 지원금 신청 절차가 복잡하여 어려움을 겪고 서류 준비 과정이 너무
대중교통 환승 시스템 개선이 필요합니다,대중교통 환승 시스템 개선이 필요합니다. 장기적인 계획 수립을 요청합니다.,교통,2025-06-29,대중교통 환승 시스템 개선이 장기적인 계획 수립을
주차 공간 부족 문제를 해결해 주세요,주차 공간 부족 문제를 해결해 주세요. 사고 위험이 높아지고 있습니다.,교통,2025-06-29,주차 공간 부족 문제를 해결해 사고 위험이 높아지고
가로등이 고장난 지 오래되었습니다,가로등이 고장난 지 오래되었습니다. 예방 대책을 마련해 주세요.,안전,2025-06-29,가로등이 고장난 예방 대책을 마련해
재활용 분리수거 시스템 개선이 필요합니다,재활용 분리수거 시스템 개선이 필요합니다. 체계적인 관리가 필요합니다.,환경,2025-06-30,재활용 분리수거 시스템 개선이 체계적인 관리가
대중교통 환승 시스템 개선이 필요합니다,대중교통 환승 시스템 개선이 필요합니다. 긴급한 대책 마련이 필요합니다.,교통,2025-07-01,대중교통 환승 시스템 개선이 긴급한 대책 마련이
세종시 지역 미세먼지 대책을 강화해 주세요,세종시 지역 미세먼지 대책을 강화해 주세요. 체계적인 관리가 필요합니다.,환경,2025-07-02,세종시 지역 미세먼지 대책을 강화해 체계적인 관리가
생활 소음 규제를 강화해야 합니다,생활 소음 규제를 강화해야 합니다. 체계적인 관리가 필요합니다.,환경,2025-07-03,생활 소음 규제를 강화해야 체계적인 관리가
대중교통 환승 시스템 개선이 필요합니다,대중교통 환승 시스템 개선이 필요합니다. 장기적인 계획 수립을 요청합니다.,교통,2025-07-03,대중교통 환승 시스템 개선이 장기적인 계획 수립을
온라인 행정 시스템이 불편합니다,온라인 행정 시스템이 불편합니다. 접근성을 개선해 주세요.,행정,2025-07-03,온라인 행정 시스템이 접근성을 개선해
충남 천안시 지역 미세먼지 대책을 강화해 주세요,충남 천안시 지역 미세먼지 대책을 강화해 주세요. 주민 건강이 위협받고 있습니다.,환경,2025-07-03,충남 천안시 지역 미세먼지 대책을 강화해 주민 건강이 위협받고
서울 강북구 지역 신호등 체계 개선이 필요합니다,서울 강북구 지역 신호등 체계 개선이 필요합니다. 장기적인 계획 수립을 요청합니다.,교통,2025-07-04,서울 강북구 지역 신호등 체계 개선이 장기적인 계획 수립을
노인 복지 서비스 확대가 필요합니다,노인 복지 서비스 확대가 필요합니다. 온라인 신청 시스템 개선이 시급합니다.,복지,2025-07-05,노인 복지 서비스 확대가 온라인 신청 시스템 개선이
기초연금 수급 자격 기준이 너무 엄격합니다,기초연금 수급 자격 기준이 너무 엄격합니다. 온라인 신청 시스템 개선이 시급합니다.,복지,2025-07-05,기초연금 수급 자격 기준이 너무 온라인 신청 시스템 개선이
보육료 지원이 실제 필요한 가정에 제대로 전달되지 않습니다,보육료 지원이 실제 필요한 가정에 제대로 전달되지 않습니다. 서류 준비 과정이 너무 복잡합니다.,복지,2025-07-07,보육료 지원이 실제 필요한 가정에 제대로 전달되지 서류 준비 과정이 너무
주차 공간 부족 문제를 해결해 주세요,주차 공간 부족 문제를 해결해 주세요. 장기적인 계획 수립을 요청합니다.,교통,2025-07-07,주차 공간 부족 문제를 해결해 장기적인 계획 수립을
온라인 행정 시스템이 불편합니다,온라인 행정 시스템이 불편합니다. 디지털 전환이 시급합니다.,행정,2025-07-07,온라인 행정 시스템이 디지털 전환이
온라인 행정 시스템이 불편합니다,온라인 행정 시스템이 불편합니다. 투명성을 강화해야 합니다.,행정,2025-07-08,온라인 행정 시스템이 투명성을 강화해야
행정 정보 공개를 확대해 주세요,행정 정보 공개를 확대해 주세요. 디지털 전환이 시급합니다.,행정,2025-07-09,행정 정보 공개를 확대해 디지털 전환이
주차 공간 부족 문제를 해결해 주세요,주차 공간 부족 문제를 해결해 주세요. 시민들의 불편이 가중되고 있습니다.,교통,2025-07-09,주차 공간 부족 문제를 해결해 시민들의 불편이 가중되고
재활용 분리수거 시스템 개선이 필요합니다,재활용 분리수거 시스템 개선이 필요합니다. 시민 참여 방안을 마련해 주세요.,환경,2025-07-09,재활용 분리수거 시스템 개선이 시민 참여 방안을 마련해
세종시 지역 신호등 체계 개선이 필요합니다,세종시 지역 신호등 체계 개선이 필요합니다. 장기적인 계획 수립을 요청합니다.,교통,2025-07-10,세종시 지역 신호등 체계 개선이 장기적인 계획 수립을
복지 지원금 신청 절차가 복잡하여 어려움을 겪고 있습니다,복지 지원금 신청 절차가 복잡하여 어려움을 겪고 있습니다. 서류 준비 과정이 너무 복잡합니다.,복지,2025-07-10,복지 지원금 신청 절차가 복잡하여 어려움을 겪고 서류 준비 과정이 너무
인천 연수구 지역 신호등 체계 개선이 필요합니다,인천 연수구 지역 신호등 체계 개선이 필요합니다. 시민들의 불편이 가중되고 있습니다.,교통,2025-07-11,인천 연수구 지역 신호등 체계 개선이 시민들의 불편이 가중되고
도시 녹지 공간을 확대해 주세요,도시 녹지 공간을 확대해 주세요. 주민 건강이 위협받고 있습니다.,환경,2025-07-11,도시 녹지 공간을 확대해 주민 건강이 위협받고
기초연금 수급 자격 기준이 너무 엄격합니다,기초연금 수급 자격 기준이 너무 엄격합니다. 서류 준비 과정이 너무 복잡합니다.,복지,2025-07-11,기초연금 수급 자격 기준이 너무 서류 준비 과정이 너무
전남 여수시 지역에 CCTV 설치를 요청합니다,전남 여수시 지역에 CCTV 설치를 요청합니다. 정기적인 점검이 필요합니다.,안전,2025-07-12,전남 여수시 지역에 설치를 정기적인 점검이
기초연금 수급 자격 기준이 너무 엄격합니다,기초연금 수급 자격 기준이 너무 엄격합니다. 소득 기준을 현실화해야 합니다.,복지,2025-07-13,기초연금 수급 자격 기준이 너무 소득 기준을 현실화해야
의료비 지원 대상자 선정 기준을 완화해 주세요,의료비 지원 대상자 선정 기준을 완화해 주세요. 소득 기준을 현실화해야 합니다.,복지,2025-07-14,의료비 지원 대상자 선정 기준을 완화해 소득 기준을 현실화해야
어린이 보호구역 안전시설을 강화해 주세요,어린이 보호구역 안전시설을 강화해 주세요. 정기적인 점검이 필요합니다.,안전,2025-07-15,어린이 보호구역 안전시설을 강화해 정기적인 점검이
출퇴근 시간 대구 수성구 버스 배차 간격이 너무 깁니다,출퇴근 시간 대구 수성구 버스 배차 간격이 너무 깁니다. 경제적 손실이 발생하고 있습니다.,교통,2025-07-15,출퇴근 시간 대구 수성구 버스 배차 간격이 너무 경제적 손실이 발생하고
생활 소음 규제를 강화해야 합니다,생활 소음 규제를 강화해야 합니다. 예산 확대가 시급합니다.,환경,2025-07-16,생활 소음 규제를 강화해야 예산 확대가
대구 수성구 지역 미세먼지 대책을 강화해 주세요,대구 수성구 지역 미세먼지 대책을 강화해 주세요. 예산 확대가 시급합니다.,환경,2025-07-16,대구 수성구 지역 미세먼지 대책을 강화해 예산 확대가
복지 지원금 신청 절차가 복잡하여 어려움을 겪고 있습니다,복지 지원금 신청 절차가 복잡하여 어려움을 겪고 있습니다. 지역별 격차가 심각합니다.,복지,2025-07-17,복지 지원금 신청 절차가 복잡하여 어려움을 겪고 지역별 격차가
가로등이 고장난 지 오래되었습니다,가로등이 고장난 지 오래되었습니다. 예방 대책을 마련해 주세요.,안전,2025-07-18,가로등이 고장난 예방 대책을 마련해
전남 여수시 지역 신호등 체계 개선이 필요합니다,전남 여수시 지역 신호등 체계 개선이 필요합니다. 경제적 손실이 발생하고 있습니다.,교통,2025-07-18,전남 여수시 지역 신호등 체계 개선이 경제적 손실이 발생하고
행정 정보 공개를 확대해 주세요,행정 정보 공개를 확대해 주세요. 디지털 전환이 시급합니다.,행정,2025-07-19,행정 정보 공개를 확대해 디지털 전환이
공공시설 안전 점검을 철저히 해주세요,공공시설 안전 점검을 철저히 해주세요. 정기적인 점검이 필요합니다.,안전,2025-07-19,공공시설 안전 점검을 철저히 정기적인 점검이
경기 용인시 도로 포장 상태가 매우 불량합니다,경기 용인시 도로 포장 상태가 매우 불량합니다. 경제적 손실이 발생하고 있습니다.,교통,2025-07-19,경기 용인시 도로 포장 상태가 매우 경제적 손실이 발생하고
충남 천안시 지역에 CCTV 설치를 요청합니다,충남 천안시 지역에 CCTV 설치를 요청합니다. 정기적인 점검이 필요합니다.,안전,2025-07-21,충남 천안시 지역에 설치를 정기적인 점검이
주차 공간 부족 문제를 해결해 주세요,주차 공간 부족 문제를 해결해 주세요. 긴급한 대책 마련이 필요합니다.,교통,2025-07-21,주차 공간 부족 문제를 해결해 긴급한 대책 마련이
재활용 분리수거 시스템 개선이 필요합니다,재활용 분리수거 시스템 개선이 필요합니다. 체계적인 관리가 필요합니다.,환경,2025-07-21,재활용 분리수거 시스템 개선이 체계적인 관리가
노인 복지 서비스 확대가 필요합니다,노인 복지 서비스 확대가 필요합니다. 온라인 신청 시스템 개선이 시급합니다.,복지,2025-07-22,노인 복지 서비스 확대가 온라인 신청 시스템 개선이
기초연금 수급 자격 기준이 너무 엄격합니다,기초연금 수급 자격 기준이 너무 엄격합니다. 서류 준비 과정이 너무 복잡합니다.,복지,2025-07-22,기초연금 수급 자격 기준이 너무 서류 준비 과정이 너무
출퇴근 시간 경기 성남시 버스 배차 간격이 너무 깁니다,출퇴근 시간 경기 성남시 버스 배차 간격이 너무 깁니다. 경제적 손실이 발생하고 있습니다.,교통,2025-07-22,출퇴근 시간 경기 성남시 버스 배차 간격이 너무 경제적 손실이 발생하고
생활 소음 규제를 강화해야 합니다,생활 소음 규제를 강화해야 합니다. 시민 참여 방안을 마련해 주세요.,환경,2025-07-23,생활 소음 규제를 강화해야 시민 참여 방안을 마련해
보육료 지원이 실제 필요한 가정에 제대로 전달되지 않습니다,보육료 지원이 실제 필요한 가정에 제대로 전달되지 않습니다. 서류 준비 과정이 너무 복잡합니다.,복지,2025-07-24,보육료 지원이 실제 필요한 가정에 제대로 전달되지 서류 준비 과정이 너무
대중교통 환승 시스템 개선이 필요합니다,대중교통 환승 시스템 개선이 필요합니다. 시민들의 불편이 가중되고 있습니다.,교통,2025-07-24,대중교통 환승 시스템 개선이 시민들의 불편이 가중되고
생활 소음 규제를 강화해야 합니다,생활 소음 규제를 강화해야 합니다. 시민 참여 방안을 마련해 주세요.,환경,2025-07-25,생활 소음 규제를 강화해야 시민 참여 방안을 마련해
출퇴근 시간 제주시 버스 배차 간격이 너무 깁니다,출퇴근 시간 제주시 버스 배차 간격이 너무 깁니다. 사고 위험이 높아지고 있습니다.,교통,2025-07-25,출퇴근 시간 제주시 버스 배차 간격이 너무 사고 위험이 높아지고
복지 지원금 신청 절차가 복잡하여 어려움을 겪고 있습니다,복지 지원금 신청 절차가 복잡하여 어려움을 겪고 있습니다. 지역별 격차가 심각합니다.,복지,2025-07-25,복지 지원금 신청 절차가 복잡하여 어려움을 겪고 지역별 격차가
복지 지원금 신청 절차가 복잡하여 어려움을 겪고 있습니다,복지 지원금 신청 절차가 복잡하여 어려움을 겪고 있습니다. 담당 공무원의 안내가 부족합니다.,복지,2025-07-25,복지 지원금 신청 절차가 복잡하여 어려움을 겪고 담당 공무원의 안내가
주차 공간 부족 문제를 해결해 주세요,주차 공간 부족 문제를 해결해 주세요. 경제적 손실이 발생하고 있습니다.,교통,2025-07-26,주차 공간 부족 문제를 해결해 경제적 손실이 발생하고
주차 공간 부족 문제를 해결해 주세요,주차 공간 부족 문제를 해결해 주세요. 경제적 손실이 발생하고 있습니다.,교통,2025-07-26,주차 공간 부족 문제를 해결해 경제적 손실이 발생하고
가로등이 고장난 지 오래되었습니다,가로등이 고장난 지 오래되었습니다. 사고 예방이 시급합니다.,안전,2025-07-26,가로등이 고장난 사고 예방이
온라인 행정 시스템이 불편합니다,온라인 행정 시스템이 불편합니다. 업무 효율성을 높여야 합니다.,행정,2025-07-27,온라인 행정 시스템이 업무 효율성을 높여야
복지 지원금 신청 절차가 복잡하여 어려움을 겪고 있습니다,복지 지원금 신청 절차가 복잡하여 어려움을 겪고 있습니다. 소득 기준을 현실화해야 합니다.,복지,2025-07-28,복지 지원금 신청 절차가 복잡하여 어려움을 겪고 소득 기준을 현실화해야
어린이 보호구역 안전시설을 강화해 주세요,어린이 보호구역 안전시설을 강화해 주세요. 사고 예방이 시급합니다.,안전,2025-07-28,어린이 보호구역 안전시설을 강화해 사고 예방이
주차 공간 부족 문제를 해결해 주세요,주차 공간 부족 문제를 해결해 주세요. 긴급한 대책 마련이 필요합니다.,교통,2025-07-28,주차 공간 부족 문제를 해결해 긴급한 대책 마련이
서류 발급 절차를 간소화해 주세요,서류 발급 절차를 간소화해 주세요. 시민 중심 서비스가 필요합니다.,행정,2025-07-29,서류 발급 절차를 간소화해 시민 중심 서비스가
생활 소음 규제를 강화해야 합니다,생활 소음 규제를 강화해야 합니다. 생활 환경이 악화되고 있습니다.,환경,2025-07-29,생활 소음 규제를 강화해야 생활 환경이 악화되고
행정 정보 공개를 확대해 주세요,행정 정보 공개를 확대해 주세요. 접근성을 개선해 주세요.,행정,2025-07-29,행정 정보 공개를 확대해 접근성을 개선해
공공시설 안전 점검을 철저히 해주세요,공공시설 안전 점검을 철저히 해주세요. 사고 예방이 시급합니다.,안전,2025-07-30,공공시설 안전 점검을 철저히 사고 예방이
경북 포항시 지역 신호등 체계 개선이 필요합니다,경북 포항시 지역 신호등 체계 개선이 필요합니다. 장기적인 계획 수립을 요청합니다.,교통,2025-07-30,경북 포항시 지역 신호등 체계 개선이 장기적인 계획 수립을
서류 발급 절차를 간소화해 주세요,서류 발급 절차를 간소화해 주세요. 시민 중심 서비스가 필요합니다.,행정,2025-07-31,서류 발급 절차를 간소화해 시민 중심 서비스가
공공시설 안전 점검을 철저히 해주세요,공공시설 안전 점검을 철저히 해주세요. 사고 예방이 시급합니다.,안전,2025-07-31,공공시설 안전 점검을 철저히 사고 예방이
어린이 보호구역 안전시설을 강화해 주세요,어린이 보호구역 안전시설을 강화해 주세요. 정기적인 점검이 필요합니다.,안전,2025-07-31,어린이 보호구역 안전시설을 강화해 정기적인 점검이
광주 서구 지역에 CCTV 설치를 요청합니다,광주 서구 지역에 CCTV 설치를 요청합니다. 예방 대책을 마련해 주세요.,안전,2025-07-31,광주 서구 지역에 설치를 예방 대책을 마련해
재난 대응 시스템 개선이 필요합니다,재난 대응 시스템 개선이 필요합니다. 예방 대책을 마련해 주세요.,안전,2025-07-31,재난 대응 시스템 개선이 예방 대책을 마련해
울산 남구 지역 신호등 체계 개선이 필요합니다,울산 남구 지역 신호등 체계 개선이 필요합니다. 사고 위험이 높아지고 있습니다.,교통,2025-07-31,울산 남구 지역 신호등 체계 개선이 사고 위험이 높아지고
대구 수성구 도로 포장 상태가 매우 불량합니다,대구 수성구 도로 포장 상태가 매우 불량합니다. 사고 위험이 높아지고 있습니다.,교통,2025-07-31,대구 수성구 도로 포장 상태가 매우 사고 위험이 높아지고
주차 공간 부족 문제를 해결해 주세요,주차 공간 부족 문제를 해결해 주세요. 장기적인 계획 수립을 요청합니다.,교통,2025-07-31,주차 공간 부족 문제를 해결해 장기적인 계획 수립을
충북 청주시 공원 관리가 제대로 되지 않고 있습니다,충북 청주시 공원 관리가 제대로 되지 않고 있습니다. 예산 확대가 시급합니다.,환경,2025-08-01,충북 청주시 공원 관리가 제대로 되지 않고 예산 확대가
의료비 지원 대상자 선정 기준을 완화해 주세요,의료비 지원 대상자 선정 기준을 완화해 주세요. 서류 준비 과정이 너무 복잡합니다.,복지,2025-08-04,의료비 지원 대상자 선정 기준을 완화해 서류 준비 과정이 너무
공무원 응대 서비스 개선이 필요합니다,공무원 응대 서비스 개선이 필요합니다. 투명성을 강화해야 합니다.,행정,2025-08-04,공무원 응대 서비스 개선이 투명성을 강화해야
행정 정보 공개를 확대해 주세요,행정 정보 공개를 확대해 주세요. 업무 효율성을 높여야 합니다.,행정,2025-08-05,행정 정보 공개를 확대해 업무 효율성을 높여야
민원 처리 속도가 너무 느립니다,민원 처리 속도가 너무 느립니다. 업무 효율성을 높여야 합니다.,행정,2025-08-06,민원 처리 속도가 너무 업무 효율성을 높여야
도시 녹지 공간을 확대해 주세요,도시 녹지 공간을 확대해 주세요. 주민 건강이 위협받고 있습니다.,환경,2025-08-06,도시 녹지 공간을 확대해 주민 건강이 위협받고
공무원 응대 서비스 개선이 필요합니다,공무원 응대 서비스 개선이 필요합니다. 투명성을 강화해야 합니다.,행정,2025-08-06,공무원 응대 서비스 개선이 투명성을 강화해야
서류 발급 절차를 간소화해 주세요,서류 발급 절차를 간소화해 주세요. 시민 중심 서비스가 필요합니다.,행정,2025-08-06,서류 발급 절차를 간소화해 시민 중심 서비스가
출퇴근 시간 대구 수성구 버스 배차 간격이 너무 깁니다,출퇴근 시간 대구 수성구 버스 배차 간격이 너무 깁니다. 긴급한 대책 마련이 필요합니다.,교통,2025-08-07,출퇴근 시간 대구 수성구 버스 배차 간격이 너무 긴급한 대책 마련이
인천 연수구 지역 신호등 체계 개선이 필요합니다,인천 연수구 지역 신호등 체계 개선이 필요합니다. 사고 위험이 높아지고 있습니다.,교통,2025-08-07,인천 연수구 지역 신호등 체계 개선이 사고 위험이 높아지고
경남 창원시 지역 신호등 체계 개선이 필요합니다,경남 창원시 지역 신호등 체계 개선이 필요합니다. 장기적인 계획 수립을 요청합니다.,교통,2025-08-07,경남 창원시 지역 신호등 체계 개선이 장기적인 계획 수립을
복지 지원금 신청 절차가 복잡하여 어려움을 겪고 있습니다,복지 지원금 신청 절차가 복잡하여 어려움을 겪고 있습니다. 소득 기준을 현실화해야 합니다.,복지,2025-08-09,복지 지원금 신청 절차가 복잡하여 어려움을 겪고 소득 기준을 현실화해야
재활용 분리수거 시스템 개선이 필요합니다,재활용 분리수거 시스템 개선이 필요합니다. 생활 환경이 악화되고 있습니다.,환경,2025-08-11,재활용 분리수거 시스템 개선이 생활 환경이 악화되고
공공시설 안전 점검을 철저히 해주세요,공공시설 안전 점검을 철저히 해주세요. 정기적인 점검이 필요합니다.,안전,2025-08-11,공공시설 안전 점검을 철저히 정기적인 점검이
광주 서구 지역 신호등 체계 개선이 필요합니다,광주 서구 지역 신호등 체계 개선이 필요합니다. 경제적 손실이 발생하고 있습니다.,교통,2025-08-11,광주 서구 지역 신호등 체계 개선이 경제적 손실이 발생하고
공무원 응대 서비스 개선이 필요합니다,공무원 응대 서비스 개선이 필요합니다. 시민 중심 서비스가 필요합니다.,행정,2025-08-11,공무원 응대 서비스 개선이 시민 중심 서비스가
생활 소음 규제를 강화해야 합니다,생활 소음 규제를 강화해야 합니다. 체계적인 관리가 필요합니다.,환경,2025-08-11,생활 소음 규제를 강화해야 체계적인 관리가
도시 녹지 공간을 확대해 주세요,도시 녹지 공간을 확대해 주세요. 예산 확대가 시급합니다.,환경,2025-08-11,도시 녹지 공간을 확대해 예산 확대가
민원 처리 속도가 너무 느립니다,민원 처리 속도가 너무 느립니다. 디지털 전환이 시급합니다.,행정,2025-08-12,민원 처리 속도가 너무 디지털 전환이
기초연금 수급 자격 기준이 너무 엄격합니다,기초연금 수급 자격 기준이 너무 엄격합니다. 담당 공무원의 안내가 부족합니다.,복지,2025-08-12,기초연금 수급 자격 기준이 너무 담당 공무원의 안내가
공무원 응대 서비스 개선이 필요합니다,공무원 응대 서비스 개선이 필요합니다. 업무 효율성을 높여야 합니다.,행정,2025-08-13,공무원 응대 서비스 개선이 업무 효율성을 높여야
공공시설 안전 점검을 철저히 해주세요,공공시설 안전 점검을 철저히 해주세요. 정기적인 점검이 필요합니다.,안전,2025-08-14,공공시설 안전 점검을 철저히 정기적인 점검이
주차 공간 부족 문제를 해결해 주세요,주차 공간 부족 문제를 해결해 주세요. 시민들의 불편이 가중되고 있습니다.,교통,2025-08-14,주차 공간 부족 문제를 해결해 시민들의 불편이 가중되고
출퇴근 시간 울산 남구 버스 배차 간격이 너무 깁니다,출퇴근 시간 울산 남구 버스 배차 간격이 너무 깁니다. 경제적 손실이 발생하고 있습니다.,교통,2025-08-14,출퇴근 시간 울산 남구 버스 배차 간격이 너무 경제적 손실이 발생하고
공무원 응대 서비스 개선이 필요합니다,공무원 응대 서비스 개선이 필요합니다. 투명성을 강화해야 합니다.,행정,2025-08-14,공무원 응대 서비스 개선이 투명성을 강화해야
공공시설 안전 점검을 철저히 해주세요,공공시설 안전 점검을 철저히 해주세요. 신속한 조치를 요청합니다.,안전,2025-08-15,공공시설 안전 점검을 철저히 신속한 조치를
인천 연수구 지역에 CCTV 설치를 요청합니다,인천 연수구 지역에 CCTV 설치를 요청합니다. 사고 예방이 시급합니다.,안전,2025-08-15,인천 연수구 지역에 설치를 사고 예방이
인천 연수구 지역에 CCTV 설치를 요청합니다,인천 연수구 지역에 CCTV 설치를 요청합니다. 정기적인 점검이 필요합니다.,안전,2025-08-16,인천 연수구 지역에 설치를 정기적인 점검이
공공시설 안전 점검을 철저히 해주세요,공공시설 안전 점검을 철저히 해주세요. 주민 불안감이 증가하고 있습니다.,안전,2025-08-16,공공시설 안전 점검을 철저히 주민 불안감이 증가하고
행정 정보 공개를 확대해 주세요,행정 정보 공개를 확대해 주세요. 업무 효율성을 높여야 합니다.,행정,2025-08-17,행정 정보 공개를 확대해 업무 효율성을 높여야
보육료 지원이 실제 필요한 가정에 제대로 전달되지 않습니다,보육료 지원이 실제 필요한 가정에 제대로 전달되지 않습니다. 지역별 격차가 심각합니다.,복지,2025-08-18,보육료 지원이 실제 필요한 가정에 제대로 전달되지 지역별 격차가
행정 정보 공개를 확대해 주세요,행정 정보 공개를 확대해 주세요. 투명성을 강화해야 합니다.,행정,2025-08-18,행정 정보 공개를 확대해 투명성을 강화해야
노인 복지 서비스 확대가 필요합니다,노인 복지 서비스 확대가 필요합니다. 지역별 격차가 심각합니다.,복지,2025-08-18,노인 복지 서비스 확대가 지역별 격차가
보육료 지원이 실제 필요한 가정에 제대로 전달되지 않습니다,보육료 지원이 실제 필요한 가정에 제대로 전달되지 않습니다. 서류 준비 과정이 너무 복잡합니다.,복지,2025-08-19,보육료 지원이 실제 필요한 가정에 제대로 전달되지 서류 준비 과정이 너무
노인 복지 서비스 확대가 필요합니다,노인 복지 서비스 확대가 필요합니다. 서류 준비 과정이 너무 복잡합니다.,복지,2025-08-20,노인 복지 서비스 확대가 서류 준비 과정이 너무
대중교통 환승 시스템 개선이 필요합니다,대중교통 환승 시스템 개선이 필요합니다. 사고 위험이 높아지고 있습니다.,교통,2025-08-20,대중교통 환승 시스템 개선이 사고 위험이 높아지고
서류 발급 절차를 간소화해 주세요,서류 발급 절차를 간소화해 주세요. 접근성을 개선해 주세요.,행정,2025-08-21,서류 발급 절차를 간소화해 접근성을 개선해
의료비 지원 대상자 선정 기준을 완화해 주세요,의료비 지원 대상자 선정 기준을 완화해 주세요. 담당 공무원의 안내가 부족합니다.,복지,2025-08-21,의료비 지원 대상자 선정 기준을 완화해 담당 공무원의 안내가
복지 지원금 신청 절차가 복잡하여 어려움을 겪고 있습니다,복지 지원금 신청 절차가 복잡하여 어려움을 겪고 있습니다. 소득 기준을 현실화해야 합니다.,복지,2025-08-21,복지 지원금 신청 절차가 복잡하여 어려움을 겪고 소득 기준을 현실화해야
광주 서구 지역에 CCTV 설치를 요청합니다,광주 서구 지역에 CCTV 설치를 요청합니다. 신속한 조치를 요청합니다.,안전,2025-08-21,광주 서구 지역에 설치를 신속한 조치를
대중교통 환승 시스템 개선이 필요합니다,대중교통 환승 시스템 개선이 필요합니다. 경제적 손실이 발생하고 있습니다.,교통,2025-08-24,대중교통 환승 시스템 개선이 경제적 손실이 발생하고
노인 복지 서비스 확대가 필요합니다,노인 복지 서비스 확대가 필요합니다. 지역별 격차가 심각합니다.,복지,2025-08-25,노인 복지 서비스 확대가 지역별 격차가
민원 처리 속도가 너무 느립니다,민원 처리 속도가 너무 느립니다. 업무 효율성을 높여야 합니다.,행정,2025-08-26,민원 처리 속도가 너무 업무 효율성을 높여야
공공시설 안전 점검을 철저히 해주세요,공공시설 안전 점검을 철저히 해주세요. 예방 대책을 마련해 주세요.,안전,2025-08-26,공공시설 안전 점검을 철저히 예방 대책을 마련해
대구 수성구 도로 포장 상태가 매우 불량합니다,대구 수성구 도로 포장 상태가 매우 불량합니다. 긴급한 대책 마련이 필요합니다.,교통,2025-08-26,대구 수성구 도로 포장 상태가 매우 긴급한 대책 마련이
출퇴근 시간 충북 청주시 버스 배차 간격이 너무 깁니다,출퇴근 시간 충북 청주시 버스 배차 간격이 너무 깁니다. 긴급한 대책 마련이 필요합니다.,교통,2025-08-27,출퇴근 시간 충북 청주시 버스 배차 간격이 너무 긴급한 대책 마련이
행정 정보 공개를 확대해 주세요,행정 정보 공개를 확대해 주세요. 업무 효율성을 높여야 합니다.,행정,2025-08-27,행정 정보 공개를 확대해 업무 효율성을 높여야
노인 복지 서비스 확대가 필요합니다,노인 복지 서비스 확대가 필요합니다. 소득 기준을 현실화해야 합니다.,복지,2025-08-28,노인 복지 서비스 확대가 소득 기준을 현실화해야
기초연금 수급 자격 기준이 너무 엄격합니다,기초연금 수급 자격 기준이 너무 엄격합니다. 담당 공무원의 안내가 부족합니다.,복지,2025-08-28,기초연금 수급 자격 기준이 너무 담당 공무원의 안내가
전북 전주시 공원 관리가 제대로 되지 않고 있습니다,전북 전주시 공원 관리가 제대로 되지 않고 있습니다. 시민 참여 방안을 마련해 주세요.,환경,2025-08-29,전북 전주시 공원 관리가 제대로 되지 않고 시민 참여 방안을 마련해
복지 지원금 신청 절차가 복잡하여 어려움을 겪고 있습니다,복지 지원금 신청 절차가 복잡하여 어려움을 겪고 있습니다. 소득 기준을 현실화해야 합니다.,복지,2025-08-30,복지 지원금 신청 절차가 복잡하여 어려움을 겪고 소득 기준을 현실화해야
출퇴근 시간 울산 남구 버스 배차 간격이 너무 깁니다,출퇴근 시간 울산 남구 버스 배차 간격이 너무 깁니다. 사고 위험이 높아지고 있습니다.,교통,2025-08-30,출퇴근 시간 울산 남구 버스 배차 간격이 너무 사고 위험이 높아지고
대중교통 환승 시스템 개선이 필요합니다,대중교통 환승 시스템 개선이 필요합니다. 긴급한 대책 마련이 필요합니다.,교통,2025-08-30,대중교통 환승 시스템 개선이 긴급한 대책 마련이
기초연금 수급 자격 기준이 너무 엄격합니다,기초연금 수급 자격 기준이 너무 엄격합니다. 담당 공무원의 안내가 부족합니다.,복지,2025-08-31,기초연금 수급 자격 기준이 너무 담당 공무원의 안내가
경기 용인시 지역 미세먼지 대책을 강화해 주세요,경기 용인시 지역 미세먼지 대책을 강화해 주세요. 시민 참여 방안을 마련해 주세요.,환경,2025-09-01,경기 용인시 지역 미세먼지 대책을 강화해 시민 참여 방안을 마련해
재활용 분리수거 시스템 개선이 필요합니다,재활용 분리수거 시스템 개선이 필요합니다. 주민 건강이 위협받고 있습니다.,환경,2025-09-01,재활용 분리수거 시스템 개선이 주민 건강이 위협받고
생활 소음 규제를 강화해야 합니다,생활 소음 규제를 강화해야 합니다. 주민 건강이 위협받고 있습니다.,환경,2025-09-02,생활 소음 규제를 강화해야 주민 건강이 위협받고
노인 복지 서비스 확대가 필요합니다,노인 복지 서비스 확대가 필요합니다. 소득 기준을 현실화해야 합니다.,복지,2025-09-04,노인 복지 서비스 확대가 소득 기준을 현실화해야
재활용 분리수거 시스템 개선이 필요합니다,재활용 분리수거 시스템 개선이 필요합니다. 체계적인 관리가 필요합니다.,환경,2025-09-04,재활용 분리수거 시스템 개선이 체계적인 관리가
보육료 지원이 실제 필요한 가정에 제대로 전달되지 않습니다,보육료 지원이 실제 필요한 가정에 제대로 전달되지 않습니다. 소득 기준을 현실화해야 합니다.,복지,2025-09-05,보육료 지원이 실제 필요한 가정에 제대로 전달되지 소득 기준을 현실화해야
공공시설 안전 점검을 철저히 해주세요,공공시설 안전 점검을 철저히 해주세요. 예방 대책을 마련해 주세요.,안전,2025-09-05,공공시설 안전 점검을 철저히 예방 대책을 마련해
공공시설 안전 점검을 철저히 해주세요,공공시설 안전 점검을 철저히 해주세요. 예방 대책을 마련해 주세요.,안전,2025-09-06,공공시설 안전 점검을 철저히 예방 대책을 마련해
의료비 지원 대상자 선정 기준을 완화해 주세요,의료비 지원 대상자 선정 기준을 완화해 주세요. 지역별 격차가 심각합니다.,복지,2025-09-06,의료비 지원 대상자 선정 기준을 완화해 지역별 격차가
재활용 분리수거 시스템 개선이 필요합니다,재활용 분리수거 시스템 개선이 필요합니다. 예산 확대가 시급합니다.,환경,2025-09-07,재활용 분리수거 시스템 개선이 예산 확대가
가로등이 고장난 지 오래되었습니다,가로등이 고장난 지 오래되었습니다. 주민 불안감이 증가하고 있습니다.,안전,2025-09-07,가로등이 고장난 주민 불안감이 증가하고
보육료 지원이 실제 필요한 가정에 제대로 전달되지 않습니다,보육료 지원이 실제 필요한 가정에 제대로 전달되지 않습니다. 서류 준비 과정이 너무 복잡합니다.,복지,2025-09-09,보육료 지원이 실제 필요한 가정에 제대로 전달되지 서류 준비 과정이 너무
보육료 지원이 실제 필요한 가정에 제대로 전달되지 않습니다,보육료 지원이 실제 필요한 가정에 제대로 전달되지 않습니다. 지역별 격차가 심각합니다.,복지,2025-09-10,보육료 지원이 실제 필요한 가정에 제대로 전달되지 지역별 격차가
대중교통 환승 시스템 개선이 필요합니다,대중교통 환승 시스템 개선이 필요합니다. 긴급한 대책 마련이 필요합니다.,교통,2025-09-12,대중교통 환승 시스템 개선이 긴급한 대책 마련이
도시 녹지 공간을 확대해 주세요,도시 녹지 공간을 확대해 주세요. 시민 참여 방안을 마련해 주세요.,환경,2025-09-12,도시 녹지 공간을 확대해 시민 참여 방안을 마련해
서울 강북구 지역에 CCTV 설치를 요청합니다,서울 강북구 지역에 CCTV 설치를 요청합니다. 예방 대책을 마련해 주세요.,안전,2025-09-17,서울 강북구 지역에 설치를 예방 대책을 마련해
출퇴근 시간 서울 강남구 버스 배차 간격이 너무 깁니다,출퇴근 시간 서울 강남구 버스 배차 간격이 너무 깁니다. 시민들의 불편이 가중되고 있습니다.,교통,2025-09-17,출퇴근 시간 서울 강남구 버스 배차 간격이 너무 시민들의 불편이 가중되고
생활 소음 규제를 강화해야 합니다,생활 소음 규제를 강화해야 합니다. 주민 건강이 위협받고 있습니다.,환경,2025-09-17,생활 소음 규제를 강화해야 주민 건강이 위협받고
생활 소음 규제를 강화해야 합니다,생활 소음 규제를 강화해야 합니다. 시민 참여 방안을 마련해 주세요.,환경,2025-09-18,생활 소음 규제를 강화해야 시민 참여 방안을 마련해
공공시설 안전 점검을 철저히 해주세요,공공시설 안전 점검을 철저히 해주세요. 주민 불안감이 증가하고 있습니다.,안전,2025-09-19,공공시설 안전 점검을 철저히 주민 불안감이 증가하고
강원 춘천시 공원 관리가 제대로 되지 않고 있습니다,강원 춘천시 공원 관리가 제대로 되지 않고 있습니다. 체계적인 관리가 필요합니다.,환경,2025-09-20,강원 춘천시 공원 관리가 제대로 되지 않고 체계적인 관리가
어린이 보호구역 안전시설을 강화해 주세요,어린이 보호구역 안전시설을 강화해 주세요. 사고 예방이 시급합니다.,안전,2025-09-20,어린이 보호구역 안전시설을 강화해 사고 예방이
보육료 지원이 실제 필요한 가정에 제대로 전달되지 않습니다,보육료 지원이 실제 필요한 가정에 제대로 전달되지 않습니다. 지역별 격차가 심각합니다.,복지,2025-09-20,보육료 지원이 실제 필요한 가정에 제대로 전달되지 지역별 격차가
재난 대응 시스템 개선이 필요합니다,재난 대응 시스템 개선이 필요합니다. 정기적인 점검이 필요합니다.,안전,2025-09-21,재난 대응 시스템 개선이 정기적인 점검이
출퇴근 시간 대구 수성구 버스 배차 간격이 너무 깁니다,출퇴근 시간 대구 수성구 버스 배차 간격이 너무 깁니다. 긴급한 대책 마련이 필요합니다.,교통,2025-09-21,출퇴근 시간 대구 수성구 버스 배차 간격이 너무 긴급한 대책 마련이
도시 녹지 공간을 확대해 주세요,도시 녹지 공간을 확대해 주세요. 예산 확대가 시급합니다.,환경,2025-09-21,도시 녹지 공간을 확대해 예산 확대가
전남 여수시 도로 포장 상태가 매우 불량합니다,전남 여수시 도로 포장 상태가 매우 불량합니다. 장기적인 계획 수립을 요청합니다.,교통,2025-09-22,전남 여수시 도로 포장 상태가 매우 장기적인 계획 수립을
충북 청주시 지역 신호등 체계 개선이 필요합니다,충북 청주시 지역 신호등 체계 개선이 필요합니다. 경제적 손실이 발생하고 있습니다.,교통,2025-09-23,충북 청주시 지역 신호등 체계 개선이 경제적 손실이 발생하고
도시 녹지 공간을 확대해 주세요,도시 녹지 공간을 확대해 주세요. 시민 참여 방안을 마련해 주세요.,환경,2025-09-24,도시 녹지 공간을 확대해 시민 참여 방안을 마련해
행정 정보 공개를 확대해 주세요,행정 정보 공개를 확대해 주세요. 접근성을 개선해 주세요.,행정,2025-09-24,행정 정보 공개를 확대해 접근성을 개선해
서류 발급 절차를 간소화해 주세요,서류 발급 절차를 간소화해 주세요. 업무 효율성을 높여야 합니다.,행정,2025-09-27,서류 발급 절차를 간소화해 업무 효율성을 높여야
